blind_id,review_label,reviewer_id,reviewed_at,notes
V11-R001,,,,
V11-R002,,,,
V11-R003,,,,
V11-R004,,,,
V11-R005,,,,
V11-R006,,,,
V11-R007,,,,
V11-R008,,,,
V11-R009,,,,
V11-R010,,,,
V11-R011,,,,
V11-R012,,,,
V11-R013,,,,
V11-R014,,,,
V11-R015,,,,
V11-R016,,,,
V11-R017,,,,
V11-R018,,,,
V11-R019,,,,
V11-R020,,,,
V11-R021,,,,
V11-R022,,,,
V11-R023,,,,
V11-R024,,,,
V11-R025,,,,
V11-R026,,,,
V11-R027,,,,
V11-R028,,,,
V11-R029,,,,
V11-R030,,,,
V11-R031,,,,
V11-R032,,,,
V11-R033,,,,
V11-R034,,,,
V11-R035,,,,
V11-R036,,,,
