source_record_id,source_path,target_meter_or_cabinet,join_method,join_key,time_alignment,mapping_confidence,usable_for_gold,usable_for_silver
SRC-0001,lightguard_app/assets/data/ami_event_windows/B-L-13_2026-06-23.csv,B-L-13,exact_target_meter_value,meter_id,available,PARTIAL,False,False
SRC-0002,lightguard_app/assets/data/ami_event_windows/B-L-14_2026-05-19.csv,B-L-14,exact_target_meter_value,meter_id,available,PARTIAL,False,False
SRC-0003,lightguard_app/assets/data/ami_event_windows/B-L-14_2026-05-29.csv,B-L-14,exact_target_meter_value,meter_id,available,PARTIAL,False,False
SRC-0004,lightguard_app/assets/data/ami_event_windows/B-L-35_2026-05-11.csv,B-L-35,exact_target_meter_value,meter_id,available,PARTIAL,False,False
SRC-0005,lightguard_app/assets/data/ami_event_windows/B-L-9_2026-05-20.csv,B-L-9,exact_target_meter_value,meter_id,available,PARTIAL,False,False
SRC-0006,lightguard_app/assets/data/ami_event_windows/B-L-9_2026-05-21.csv,B-L-9,exact_target_meter_value,meter_id,available,PARTIAL,False,False
SRC-0007,lightguard_app/assets/data/ami_event_windows/replay_manifest.json,B-L-13;B-L-14;B-L-35;B-L-9,exact_target_meter_value,$.events[].meter_id,available,PARTIAL,False,False
SRC-0008,lightguard_app/assets/data/ami_events.csv,B-L-13;B-L-14;B-L-35;B-L-9,exact_target_meter_value,meter_id,unavailable,PARTIAL,False,False
SRC-0009,lightguard_app/assets/data/chungju_v02_seed.json,,field_name_only,$.objects[].ami.ami_state;$.objects[].ami.has_real_ami;$.objects[].ami.virtual_link_mode;$.objects[].asset_info.cabinet_name;$.objects[].asset_info.cabinet_uid;$.objects[].asset_info.fixture_count;$.objects[].asset_info.metadata.controller_link_status;$.objects[].cabinet_uid;$.objects[].expected_load.fixture_rows;$.target_mode.target_cabinet_ids[],available,UNAVAILABLE,False,False
SRC-0011,lightguard_app/assets/data/context/controlled_validation_frozen_2026.json,,field_name_only,$.cases[].cabinet_uid;$.cases[].fixture_count,available,UNAVAILABLE,False,False
SRC-0015,lightguard_app/assets/data/context/v04_validation_summary.json,,field_name_only,$.actual_ami_replay.interval_consistent_count;$.actual_ami_replay.peak_consistent_count;$.actual_ami_replay.phase_consistent_count;$.actual_ami_replay.window_count,available,UNAVAILABLE,False,False
SRC-0016,lightguard_app/assets/data/context/v05_validation_summary.json,,field_name_only,$.actual_ami_peak.adjudicated_metric_consistent;$.actual_ami_peak.adjudicated_metric_definition;$.actual_ami_peak.adjudicated_metric_total;$.actual_ami_peak.legacy_metric_consistent;$.actual_ami_peak.legacy_metric_definition;$.actual_ami_peak.legacy_metric_total;$.actual_ami_peak.primary_cause;$.causal_replay.meter_count;$.sensitivity.most_sensitive_parameter,available,UNAVAILABLE,False,False
SRC-0017,lightguard_app/assets/data/context/v06_evidence_summary.json,,field_name_only,$.candidate_density.evaluable_meter_days;$.candidate_density.meter_count,available,UNAVAILABLE,False,False
SRC-0018,lightguard_app/assets/data/context/v07_regional_seasonal_summary.json,,field_name_only,$.external_ami_validation.reason;$.external_ami_validation.status,unavailable,UNAVAILABLE,False,False
SRC-0019,lightguard_app/assets/data/context/v08_detector_summary.json,,field_name_only,$.actual_external_regional_ami;$.chungju.fixture_count_stratum,available,UNAVAILABLE,False,False
SRC-0020,lightguard_app/assets/data/context/v09_specificity_summary.json,,field_name_only,$.actual_ami_is_truth,available,UNAVAILABLE,False,False
SRC-0021,lightguard_app/assets/data/context/v10_real_background_summary.json,,field_name_only,$.actual_ami_is_truth;$.canonical_actions.AMI-EVT-237615b73a;$.canonical_actions.AMI-EVT-4ada00d8f3;$.canonical_actions.AMI-EVT-d406cc5296;$.canonical_actions.AMI-EVT-d706634ed1;$.canonical_actions.AMI-EVT-f394b2a542;$.canonical_actions.AMI-EVT-fda2dd8737;$.meters;$.shadow_evaluable_meter_days;$.shadow_meter_days;$.worst_meter_irr,unavailable,UNAVAILABLE,False,False
SRC-0022,lightguard_app/assets/data/gangneung_v02_seed.json,,field_name_only,$.objects[].ami.ami_meter_id;$.objects[].ami.ami_state;$.objects[].ami.has_real_ami;$.objects[].ami.virtual_link_mode;$.objects[].asset_info.cabinet_name;$.objects[].asset_info.cabinet_uid;$.objects[].asset_info.fixture_count;$.objects[].asset_info.fixtures[].fixture_uid;$.objects[].asset_info.fixtures[].lamp_count;$.objects[].asset_info.fixtures[].latitude;$.objects[].asset_info.fixtures[].longitude;$.objects[].asset_info.fixtures[].rated_power_w;$.objects[].asset_info.fixtures[].source_fixture_id;$.objects[].asset_info.metadata.controller_link_status;$.objects[].asset_info.metadata.controller_type;$.objects[].cabinet_uid;$.objects[].expected_load.fixture_rows;$.target_mode.target_cabinet_ids[],available,UNAVAILABLE,False,False
SRC-0023,lightguard_app/assets/data/simulation_scenarios_v02.json,,field_name_only,$.cabinet_uid;$.injection_meter_id,unavailable,UNAVAILABLE,False,False
SRC-0024,lightguard_app/assets/data/simulation_validation_results_v02.csv,,field_name_only,cabinet_uid,available,UNAVAILABLE,False,False
SRC-0025,lightguard_app/assets/data/suyeong_v02_objects.json,,field_name_only,$.ami.ami_state;$.ami.has_real_ami;$.ami.mapping_visibility.created_by;$.ami.mapping_visibility.reason;$.ami.signal_source;$.ami.virtual_link_mode;$.asset_info.cabinet_name;$.asset_info.cabinet_uid;$.asset_info.fixture_count;$.asset_info.fixtures[].lamp_count;$.asset_info.fixtures[].lamp_watt;$.asset_info.fixtures[].latitude;$.asset_info.fixtures[].longitude;$.asset_info.fixtures[].rated_power_w;$.asset_info.fixtures[].road_name;$.asset_info.fixtures[].source_fixture_id;$.asset_info.metadata.controller_link_status;$.asset_info.metadata.controller_type;$.asset_info.source_cabinet_key;$.cabinet_uid;$.detected_signals[].meter_id;$.expected_load.fixture_rows,available,UNAVAILABLE,False,False
SRC-0026,lightguard_app/assets/data/suyeong_v02_seed.json,,field_name_only,$.objects[].ami.ami_state;$.objects[].ami.has_real_ami;$.objects[].ami.mapping_visibility.created_by;$.objects[].ami.mapping_visibility.reason;$.objects[].ami.signal_source;$.objects[].ami.virtual_link_mode;$.objects[].asset_info.cabinet_name;$.objects[].asset_info.cabinet_uid;$.objects[].asset_info.fixture_count;$.objects[].asset_info.fixtures[].lamp_count;$.objects[].asset_info.fixtures[].lamp_watt;$.objects[].asset_info.fixtures[].latitude;$.objects[].asset_info.fixtures[].longitude;$.objects[].asset_info.fixtures[].rated_power_w;$.objects[].asset_info.fixtures[].road_name;$.objects[].asset_info.fixtures[].source_fixture_id;$.objects[].asset_info.metadata.controller_link_status;$.objects[].asset_info.metadata.controller_type;$.objects[].asset_info.source_cabinet_key;$.objects[].cabinet_uid;$.objects[].detected_signals[].meter_id;$.objects[].expected_load.fixture_rows;$.source_semantics.real_municipal_ami_mappings;$.target_mode.target_cabinets_3_4kw_like[],available,UNAVAILABLE,False,False
SRC-0029,lightguard_v0_1/app_seed/chungju_cabinets.json,,field_name_only,$.cabinet_name;$.cabinet_uid;$.controller_link_status;$.source_cabinet_key,unavailable,UNAVAILABLE,False,False
SRC-0030,lightguard_v0_1/app_seed/demo_ami_events.json,B-L-13;B-L-14;B-L-35;B-L-9,exact_target_meter_value,$.meter_id,unavailable,PARTIAL,False,False
SRC-0031,lightguard_v0_1/app_seed/demo_ami_meters.json,B-L-12;B-L-13;B-L-14;B-L-35;B-L-9,exact_target_meter_value,$.meter_id,unavailable,PARTIAL,False,False
SRC-0032,lightguard_v0_1/app_seed/gangneung_cabinets.json,,field_name_only,$.cabinet_name;$.cabinet_uid;$.controller_link_status;$.controller_type;$.fixture_rows;$.source_cabinet_key,unavailable,UNAVAILABLE,False,False
SRC-0033,lightguard_v0_1/app_seed/gangneung_controllers.json,,field_name_only,$.cabinet_code;$.cabinet_seq;$.cabinet_uid;$.controller_uid,available,UNAVAILABLE,False,False
SRC-0034,lightguard_v0_1/app_seed/gangneung_fixtures.json,,field_name_only,$.cabinet_uid;$.controller_type;$.fixture_uid;$.source_cabinet_key;$.source_fixture_id,unavailable,UNAVAILABLE,False,False
SRC-0035,lightguard_v0_1/app_seed/municipalities.json,,field_name_only,$.cabinet_count;$.fixture_rows,available,UNAVAILABLE,False,False
SRC-0036,lightguard_v0_1/app_seed/suyeong_cabinets.json,,field_name_only,$.cabinet_name;$.cabinet_uid;$.controller_link_status;$.controller_type;$.fixture_rows;$.source_cabinet_key,unavailable,UNAVAILABLE,False,False
SRC-0037,lightguard_v0_1/app_seed/suyeong_fixtures.json,,field_name_only,$.cabinet_uid;$.controller_type;$.fixture_uid;$.source_cabinet_key;$.source_fixture_id,unavailable,UNAVAILABLE,False,False
SRC-0038,lightguard_v0_1/app_seed/suyeong_v02_seed.json,,field_name_only,$.objects[].ami.ami_state;$.objects[].ami.has_real_ami;$.objects[].ami.mapping_visibility.created_by;$.objects[].ami.mapping_visibility.reason;$.objects[].ami.signal_source;$.objects[].ami.virtual_link_mode;$.objects[].asset_info.cabinet_name;$.objects[].asset_info.cabinet_uid;$.objects[].asset_info.fixture_count;$.objects[].asset_info.fixtures[].lamp_count;$.objects[].asset_info.fixtures[].lamp_watt;$.objects[].asset_info.fixtures[].latitude;$.objects[].asset_info.fixtures[].longitude;$.objects[].asset_info.fixtures[].rated_power_w;$.objects[].asset_info.fixtures[].road_name;$.objects[].asset_info.fixtures[].source_fixture_id;$.objects[].asset_info.metadata.controller_link_status;$.objects[].asset_info.metadata.controller_type;$.objects[].asset_info.source_cabinet_key;$.objects[].cabinet_uid;$.objects[].detected_signals[].meter_id;$.objects[].expected_load.fixture_rows;$.source_semantics.real_municipal_ami_mappings;$.target_mode.target_cabinets_3_4kw_like[],available,UNAVAILABLE,False,False
SRC-0039,lightguard_v0_1/data/ami_cabinet_mappings.csv,,field_name_only,meter_id;cabinet_uid,unavailable,UNAVAILABLE,False,False
SRC-0040,lightguard_v0_1/data/ami_data_quality.csv,B-L-12;B-L-13;B-L-14;B-L-35;B-L-9,exact_target_meter_value,meter_id,unavailable,PARTIAL,False,False
SRC-0041,lightguard_v0_1/data/ami_events.csv,B-L-13;B-L-14;B-L-35;B-L-9,exact_target_meter_value,meter_id,unavailable,PARTIAL,False,False
SRC-0042,lightguard_v0_1/data/ami_meter_profiles.csv,B-L-12;B-L-13;B-L-14;B-L-35;B-L-9,exact_target_meter_value,meter_id,unavailable,PARTIAL,False,False
SRC-0043,lightguard_v0_1/data/ami_monthly_transitions.csv,B-L-12;B-L-13;B-L-14;B-L-35;B-L-9,exact_target_meter_value,meter_id,unavailable,PARTIAL,False,False
SRC-0044,lightguard_v0_1/data/cabinets.csv,,field_name_only,cabinet_uid;source_cabinet_key;cabinet_name;fixture_rows;controller_type;controller_link_status,unavailable,UNAVAILABLE,False,False
SRC-0045,lightguard_v0_1/data/context/controlled_validation_frozen_2026.json,,field_name_only,$.cases[].cabinet_uid;$.cases[].fixture_count,available,UNAVAILABLE,False,False
SRC-0049,lightguard_v0_1/data/context/v04_validation_summary.json,,field_name_only,$.actual_ami_replay.interval_consistent_count;$.actual_ami_replay.peak_consistent_count;$.actual_ami_replay.phase_consistent_count;$.actual_ami_replay.window_count,available,UNAVAILABLE,False,False
SRC-0050,lightguard_v0_1/data/controllers.csv,,field_name_only,controller_uid;cabinet_uid;cabinet_code;cabinet_seq,available,UNAVAILABLE,False,False
SRC-0051,lightguard_v0_1/data/data_summary.json,B-L-12;B-L-13;B-L-14;B-L-35;B-L-9,exact_target_meter_value,$.ami.detected_daytime_events;$.ami.meters[];$.ami.streetlight_meter_count;$.chungju.cabinet_rows;$.gangneung.controller_rows;$.gangneung.fixture_join_rate_pct;$.gangneung.fixture_rows;$.gangneung.matched_fixture_rows;$.gangneung.matched_referenced_cabinets;$.gangneung.referenced_cabinets;$.gangneung.unmatched_referenced_cabinets;$.suyeong.all_controller_type_bidirectional;$.suyeong.cabinet_count;$.suyeong.fixture_rows;$.suyeong.unique_fixture_composite,available,PARTIAL,False,False
SRC-0052,lightguard_v0_1/data/fixtures.csv,,field_name_only,fixture_uid;cabinet_uid;source_fixture_id;source_cabinet_key;controller_type,unavailable,UNAVAILABLE,False,False
SRC-0053,lightguard_v0_1/data/municipalities.csv,,field_name_only,fixture_rows;cabinet_count,available,UNAVAILABLE,False,False
SRC-0054,lightguard_v0_1/data/simulation_scenarios_v02.json,,field_name_only,$.cabinet_uid;$.injection_meter_id,unavailable,UNAVAILABLE,False,False
SRC-0055,lightguard_v0_1/data/simulation_validation_results_v02.csv,,field_name_only,cabinet_uid,available,UNAVAILABLE,False,False
SRC-0057,lightguard_v0_1/data/suyeong_v02_objects.json,,field_name_only,$.ami.ami_state;$.ami.has_real_ami;$.ami.mapping_visibility.created_by;$.ami.mapping_visibility.reason;$.ami.signal_source;$.ami.virtual_link_mode;$.asset_info.cabinet_name;$.asset_info.cabinet_uid;$.asset_info.fixture_count;$.asset_info.fixtures[].lamp_count;$.asset_info.fixtures[].lamp_watt;$.asset_info.fixtures[].latitude;$.asset_info.fixtures[].longitude;$.asset_info.fixtures[].rated_power_w;$.asset_info.fixtures[].road_name;$.asset_info.fixtures[].source_fixture_id;$.asset_info.metadata.controller_link_status;$.asset_info.metadata.controller_type;$.asset_info.source_cabinet_key;$.cabinet_uid;$.detected_signals[].meter_id;$.expected_load.fixture_rows,available,UNAVAILABLE,False,False
SRC-0059,lightguard_v0_1/data/validation/v04_calibration_set.json,,field_name_only,$.cases[].cabinet_uid,available,UNAVAILABLE,False,False
SRC-0060,lightguard_v0_1/data/validation/v04_confirmatory_holdout.json,,field_name_only,$.cases[].cabinet_uid,available,UNAVAILABLE,False,False
SRC-0061,lightguard_v0_1/data/validation/v05/causal_walkforward_results.csv,B-L-12;B-L-13;B-L-14;B-L-35;B-L-9,exact_target_meter_value,meter_id,available,PARTIAL,False,False
SRC-0062,lightguard_v0_1/data/validation/v05/causal_walkforward_summary.json,,field_name_only,$.14d.candidate_density_per_meter_day;$.14d.canonical_event_map.AMI-EVT-237615b73a;$.14d.canonical_event_map.AMI-EVT-4ada00d8f3;$.14d.canonical_event_map.AMI-EVT-d406cc5296;$.14d.canonical_event_map.AMI-EVT-d706634ed1;$.14d.canonical_event_map.AMI-EVT-f394b2a542;$.14d.canonical_event_map.AMI-EVT-fda2dd8737;$.14d.evaluable_meter_days;$.14d.warmup_meter_days;$.30d.candidate_density_per_meter_day;$.30d.canonical_event_map.AMI-EVT-237615b73a;$.30d.canonical_event_map.AMI-EVT-4ada00d8f3;$.30d.canonical_event_map.AMI-EVT-d406cc5296;$.30d.canonical_event_map.AMI-EVT-d706634ed1;$.30d.canonical_event_map.AMI-EVT-f394b2a542;$.30d.canonical_event_map.AMI-EVT-fda2dd8737;$.30d.evaluable_meter_days;$.30d.warmup_meter_days;$.7d.candidate_density_per_meter_day;$.7d.canonical_event_map.AMI-EVT-237615b73a;$.7d.canonical_event_map.AMI-EVT-4ada00d8f3;$.7d.canonical_event_map.AMI-EVT-d406cc5296;$.7d.canonical_event_map.AMI-EVT-d706634ed1;$.7d.canonical_event_map.AMI-EVT-f394b2a542;$.7d.canonical_event_map.AMI-EVT-fda2dd8737;$.7d.evaluable_meter_days;$.7d.warmup_meter_days;$.expanding.candidate_density_per_meter_day;$.expanding.canonical_event_map.AMI-EVT-237615b73a;$.expanding.canonical_event_map.AMI-EVT-4ada00d8f3;$.expanding.canonical_event_map.AMI-EVT-d406cc5296;$.expanding.canonical_event_map.AMI-EVT-d706634ed1;$.expanding.canonical_event_map.AMI-EVT-f394b2a542;$.expanding.canonical_event_map.AMI-EVT-fda2dd8737;$.expanding.evaluable_meter_days;$.expanding.warmup_meter_days;$.full_sample.canonical_event_map.AMI-EVT-237615b73a;$.full_sample.canonical_event_map.AMI-EVT-4ada00d8f3;$.full_sample.canonical_event_map.AMI-EVT-d406cc5296;$.full_sample.canonical_event_map.AMI-EVT-d706634ed1;$.full_sample.canonical_event_map.AMI-EVT-f394b2a542;$.full_sample.canonical_event_map.AMI-EVT-fda2dd8737,available,UNAVAILABLE,False,False
SRC-0063,lightguard_v0_1/data/validation/v05/sensitivity_grid.json,,field_name_only,$.rows[].parameter;$.summary.most_sensitive.parameter,available,UNAVAILABLE,False,False
SRC-0065,lightguard_v0_1/data/validation/v05/temporal_meter_profiles.json,B-L-12;B-L-13;B-L-14;B-L-35;B-L-9,exact_target_meter_value,$.B-L-12.monthly[].meter_id;$.B-L-13.monthly[].meter_id;$.B-L-14.monthly[].meter_id;$.B-L-35.monthly[].meter_id;$.B-L-9.monthly[].meter_id,available,PARTIAL,False,False
SRC-0066,lightguard_v0_1/data/validation/v05/v05_validation_summary.json,,field_name_only,$.actual_ami_peak.adjudicated_metric_consistent;$.actual_ami_peak.adjudicated_metric_definition;$.actual_ami_peak.adjudicated_metric_total;$.actual_ami_peak.legacy_metric_consistent;$.actual_ami_peak.legacy_metric_definition;$.actual_ami_peak.legacy_metric_total;$.actual_ami_peak.primary_cause;$.causal_replay.meter_count;$.sensitivity.most_sensitive_parameter,available,UNAVAILABLE,False,False
SRC-0068,lightguard_v0_1/data/validation/v06/field_outcome_schema.json,,field_name_only,$.properties.cabinet_uid.minLength;$.properties.cabinet_uid.type,available,UNAVAILABLE,False,False
SRC-0069,lightguard_v0_1/data/validation/v06/stationary_bootstrap.json,,field_name_only,$.evaluable_meter_days;$.meter_count,available,UNAVAILABLE,False,False
SRC-0070,lightguard_v0_1/data/validation/v06/v06_evidence_summary.json,,field_name_only,$.candidate_density.evaluable_meter_days;$.candidate_density.meter_count,available,UNAVAILABLE,False,False
SRC-0071,lightguard_v0_1/data/validation/v07/regional_seasonal_cases.json,,field_name_only,$.cases[].cabinet_uid,available,UNAVAILABLE,False,False
SRC-0073,lightguard_v0_1/data/validation/v07/regional_seasonal_summary.json,,field_name_only,$.external_ami_validation.reason;$.external_ami_validation.status,unavailable,UNAVAILABLE,False,False
SRC-0074,lightguard_v0_1/data/validation/v08/v07_freeze_manifest.json,,field_name_only,$.baseline_metrics.actual_external_regional_ami,available,UNAVAILABLE,False,False
SRC-0075,lightguard_v0_1/data/validation/v08/v08_calibration_set.json,,field_name_only,$.actual_ami;$.cases[].asset_cabinet_uid;$.cases[].signal_parameter_id,available,UNAVAILABLE,False,False
SRC-0077,lightguard_v0_1/data/validation/v08/v08_confirmatory_holdout.json,,field_name_only,$.actual_ami;$.cases[].asset_cabinet_uid;$.cases[].signal_parameter_id,available,UNAVAILABLE,False,False
SRC-0079,lightguard_v0_1/data/validation/v08/v08_design_matrix.csv,,field_name_only,asset_cabinet_uid;signal_parameter_id,unavailable,UNAVAILABLE,False,False
SRC-0080,lightguard_v0_1/data/validation/v08/v08_feature_availability_cases.json,,field_name_only,$.actual_ami,unavailable,UNAVAILABLE,False,False
SRC-0081,lightguard_v0_1/data/validation/v08_design_matrix.csv,,field_name_only,asset_cabinet_uid;signal_parameter_id,unavailable,UNAVAILABLE,False,False
SRC-0082,lightguard_v0_1/data/validation/v09/v08_freeze_manifest.json,,field_name_only,$.actual_ami_replay_hashes.B-L-13_2026-06-23.csv;$.actual_ami_replay_hashes.B-L-14_2026-05-19.csv;$.actual_ami_replay_hashes.B-L-14_2026-05-29.csv;$.actual_ami_replay_hashes.B-L-35_2026-05-11.csv;$.actual_ami_replay_hashes.B-L-9_2026-05-20.csv;$.actual_ami_replay_hashes.B-L-9_2026-05-21.csv;$.actual_ami_replay_hashes.replay_manifest.json;$.invariants.actual_ami_has_field_truth_labels,available,UNAVAILABLE,False,False
SRC-0083,lightguard_v0_1/data/validation/v09/v09_calibration_set.json,,field_name_only,$.actual_ami;$.cases[].asset_cabinet_uid;$.cases[].signal_parameter_id,available,UNAVAILABLE,False,False
SRC-0086,lightguard_v0_1/data/validation/v09/v09_confirmatory_holdout.json,,field_name_only,$.actual_ami;$.cases[].asset_cabinet_uid;$.cases[].signal_parameter_id,available,UNAVAILABLE,False,False
SRC-0090,lightguard_v0_1/data/validation/v10/v09_freeze_manifest.json,,field_name_only,$.raw_ami_manifest_sha256,available,UNAVAILABLE,False,False
SRC-0091,lightguard_v0_1/data/validation/v10/v10_background_pool_manifest.json,B-L-12;B-L-13;B-L-14;B-L-35;B-L-9,exact_target_meter_value,$.meter_count;$.units[].meter_id;$.units[].rank_within_meter;$.units_per_meter,available,PARTIAL,False,False
SRC-0092,lightguard_v0_1/data/validation/v10/v10_injection_manifest.json,B-L-12;B-L-13;B-L-14;B-L-35;B-L-9,exact_target_meter_value,$.rows[].cell_provenance[].source_meter;$.rows[].cell_provenance[].target_meter;$.rows[].meter_id,available,PARTIAL,False,False
SRC-0093,lightguard_v0_1/data/validation/v10/v10_raw_ami_manifest.json,B-L-12;B-L-13;B-L-14;B-L-35;B-L-9,exact_target_meter_value,$.columns.meter_id.source_label;$.columns.meter_id.zero_based_index;$.meters[].cadence_gap_counts.15;$.meters[].cadence_gap_counts.30;$.meters[].cadence_minutes_median;$.meters[].channel_missing_count.i1;$.meters[].channel_missing_count.i2;$.meters[].channel_missing_count.i3;$.meters[].channel_missing_count.recv_active_kwh;$.meters[].channel_missing_rate.i1;$.meters[].channel_missing_rate.i2;$.meters[].channel_missing_rate.i3;$.meters[].channel_missing_rate.recv_active_kwh;$.meters[].date_max;$.meters[].date_min;$.meters[].duplicate_timestamp_count;$.meters[].hour24_normalization_count;$.meters[].measured_current_phase_count;$.meters[].meter_id;$.meters[].row_count;$.meters[].timestamp_max_interval_end;$.meters[].timestamp_min_interval_end;$.scope.target_meters[];$.source.source_meter_count,available,PARTIAL,False,False
SRC-0094,lightguard_v0_1/data/validation/v10/v10_shadow_origin_audit.csv,B-L-12;B-L-13;B-L-14;B-L-35;B-L-9,exact_target_meter_value,meter_id,available,PARTIAL,False,False
SRC-0095,lightguard_v0_1/data/validation/v10/v10_shadow_replay.csv,B-L-12;B-L-13;B-L-14;B-L-35;B-L-9,exact_target_meter_value,meter_id,available,PARTIAL,False,False
SRC-0096,lightguard_v0_1/data/validation/v10/v10_transport_pairs.csv,B-L-12;B-L-13;B-L-14;B-L-35;B-L-9,exact_target_meter_value,meter_id,available,PARTIAL,False,False
SRC-0101,lightguard_v0_1/reports/v03_ranking_error_audit.csv,,field_name_only,cabinet_uid;score_ami,unavailable,UNAVAILABLE,False,False
SRC-0102,lightguard_v0_1/reports/v03_score_decomposition.csv,,field_name_only,cabinet_uid;score_ami,available,UNAVAILABLE,False,False
SRC-0105,lightguard_v0_1/reports/v05/baseline_integrity.json,,field_name_only,$.canonical_ami_event_count;$.canonical_ami_events_sha256,unavailable,UNAVAILABLE,False,False
SRC-0106,lightguard_v0_1/reports/v05/parameter_sensitivity.csv,,field_name_only,parameter,available,UNAVAILABLE,False,False
SRC-0107,lightguard_v0_1/reports/v05/peak_consistency_forensics.csv,B-L-13;B-L-14;B-L-35;B-L-9,exact_target_meter_value,meter_id,available,PARTIAL,False,False
SRC-0108,lightguard_v0_1/reports/v05/reproducibility_manifest.json,,field_name_only,$.input_hashes.lightguard_app/assets/data/ami_event_windows/replay_manifest.json;$.input_hashes.lightguard_app/assets/data/ami_events.csv;$.output_hashes.lightguard_v0_1/data/validation/v05/temporal_meter_profiles.json;$.output_hashes.lightguard_v0_1/reports/v05/meter_generalization.md;$.output_hashes.lightguard_v0_1/reports/v05/parameter_sensitivity.csv;$.output_hashes.lightguard_v0_1/reports/v05/parameter_sensitivity_summary.md,available,UNAVAILABLE,False,False
SRC-0110,lightguard_v0_1/reports/v05/temporal_stability.csv,B-L-12;B-L-13;B-L-14;B-L-35;B-L-9,exact_target_meter_value,meter_id,available,PARTIAL,False,False
SRC-0111,lightguard_v0_1/reports/v05_peak_consistency_forensics.csv,B-L-13;B-L-14;B-L-35;B-L-9,exact_target_meter_value,meter_id,available,PARTIAL,False,False
SRC-0117,lightguard_v0_1/reports/v07/reproducibility_manifest.json,,field_name_only,$.files.lightguard_v0_1/reports/v07/external_ami_boundary.md,unavailable,UNAVAILABLE,False,False
SRC-0124,lightguard_v0_1/reports/v09/reproducibility_manifest.json,,field_name_only,$.files.lightguard_app/lib/features/ami_validation/v09_specificity_card.dart;$.files.lightguard_v0_1/reports/v09/v09_actual_ami_regression.csv,available,UNAVAILABLE,False,False
SRC-0125,lightguard_v0_1/reports/v09/v08_false_positive_inventory.csv,,field_name_only,asset_cabinet_uid;signal_parameter_id;taxonomy_family,unavailable,UNAVAILABLE,False,False
SRC-0127,lightguard_v0_1/reports/v09/v09_actual_ami_regression.csv,B-L-13;B-L-14;B-L-35;B-L-9,exact_target_meter_value,meter_id,unavailable,PARTIAL,False,False
SRC-0130,lightguard_v0_1/reports/v09/v09_episode_effects.csv,,field_name_only,effect_family,unavailable,UNAVAILABLE,False,False
SRC-0131,lightguard_v0_1/reports/v09/v09_hard_negative_results.csv,,field_name_only,hard_negative_family,unavailable,UNAVAILABLE,False,False
SRC-0135,lightguard_v0_1/reports/v10/v10_benign_control_results.csv,B-L-12;B-L-13;B-L-14;B-L-35;B-L-9,exact_target_meter_value,meter_id,available,PARTIAL,False,False
SRC-0136,lightguard_v0_1/reports/v10/v10_canonical_shadow_replay.csv,B-L-13;B-L-14;B-L-35;B-L-9,exact_target_meter_value,meter_id,available,PARTIAL,False,False
SRC-0137,lightguard_v0_1/reports/v10/v10_evidence_availability.csv,,field_name_only,evidence_family,unavailable,UNAVAILABLE,False,False
SRC-0138,lightguard_v0_1/reports/v10/v10_frozen_h1_transport.csv,,field_name_only,worst_meter_irr,available,UNAVAILABLE,False,False
SRC-0139,lightguard_v0_1/reports/v10/v10_meter_drift.csv,B-L-12;B-L-13;B-L-14;B-L-35;B-L-9,exact_target_meter_value,meter_id,available,PARTIAL,False,False
SRC-0140,lightguard_v0_1/reports/v10/v10_meter_level_results.csv,B-L-12;B-L-13;B-L-14;B-L-35;B-L-9,exact_target_meter_value,meter_id,unavailable,PARTIAL,False,False
SRC-0146:총괄표_게시용,official_docs/AMI Data Sample/1-1_총괄 데이터 표_가명화_AMI_★.xlsx,B-L-12;B-L-13;B-L-14;B-L-35;B-L-9,exact_target_meter_value,순번(계기번호),unavailable,PARTIAL,False,False
