source_id,path,sheet,field,level,join_key_present,time_key_present,target_meter_overlap,matched_value_count,sample_values,usable,reason
SRC-0001,lightguard_app/assets/data/ami_event_windows/B-L-13_2026-06-23.csv,,i1,S2_PROXY_INPUT,True,True,B-L-13,0,,False,measurement input only; not a fault or operational truth label
SRC-0001,lightguard_app/assets/data/ami_event_windows/B-L-13_2026-06-23.csv,,i2,S2_PROXY_INPUT,True,True,B-L-13,0,,False,measurement input only; not a fault or operational truth label
SRC-0001,lightguard_app/assets/data/ami_event_windows/B-L-13_2026-06-23.csv,,i3,S2_PROXY_INPUT,True,True,B-L-13,0,,False,measurement input only; not a fault or operational truth label
SRC-0001,lightguard_app/assets/data/ami_event_windows/B-L-13_2026-06-23.csv,,active_energy_kwh,S2_PROXY_INPUT,True,True,B-L-13,0,,False,measurement input only; not a fault or operational truth label
SRC-0002,lightguard_app/assets/data/ami_event_windows/B-L-14_2026-05-19.csv,,i1,S2_PROXY_INPUT,True,True,B-L-14,0,,False,measurement input only; not a fault or operational truth label
SRC-0002,lightguard_app/assets/data/ami_event_windows/B-L-14_2026-05-19.csv,,i2,S2_PROXY_INPUT,True,True,B-L-14,0,,False,measurement input only; not a fault or operational truth label
SRC-0002,lightguard_app/assets/data/ami_event_windows/B-L-14_2026-05-19.csv,,i3,S2_PROXY_INPUT,True,True,B-L-14,0,,False,measurement input only; not a fault or operational truth label
SRC-0002,lightguard_app/assets/data/ami_event_windows/B-L-14_2026-05-19.csv,,active_energy_kwh,S2_PROXY_INPUT,True,True,B-L-14,0,,False,measurement input only; not a fault or operational truth label
SRC-0003,lightguard_app/assets/data/ami_event_windows/B-L-14_2026-05-29.csv,,i1,S2_PROXY_INPUT,True,True,B-L-14,0,,False,measurement input only; not a fault or operational truth label
SRC-0003,lightguard_app/assets/data/ami_event_windows/B-L-14_2026-05-29.csv,,i2,S2_PROXY_INPUT,True,True,B-L-14,0,,False,measurement input only; not a fault or operational truth label
SRC-0003,lightguard_app/assets/data/ami_event_windows/B-L-14_2026-05-29.csv,,i3,S2_PROXY_INPUT,True,True,B-L-14,0,,False,measurement input only; not a fault or operational truth label
SRC-0003,lightguard_app/assets/data/ami_event_windows/B-L-14_2026-05-29.csv,,active_energy_kwh,S2_PROXY_INPUT,True,True,B-L-14,0,,False,measurement input only; not a fault or operational truth label
SRC-0004,lightguard_app/assets/data/ami_event_windows/B-L-35_2026-05-11.csv,,i1,S2_PROXY_INPUT,True,True,B-L-35,0,,False,measurement input only; not a fault or operational truth label
SRC-0004,lightguard_app/assets/data/ami_event_windows/B-L-35_2026-05-11.csv,,i2,S2_PROXY_INPUT,True,True,B-L-35,0,,False,measurement input only; not a fault or operational truth label
SRC-0004,lightguard_app/assets/data/ami_event_windows/B-L-35_2026-05-11.csv,,i3,S2_PROXY_INPUT,True,True,B-L-35,0,,False,measurement input only; not a fault or operational truth label
SRC-0004,lightguard_app/assets/data/ami_event_windows/B-L-35_2026-05-11.csv,,active_energy_kwh,S2_PROXY_INPUT,True,True,B-L-35,0,,False,measurement input only; not a fault or operational truth label
SRC-0005,lightguard_app/assets/data/ami_event_windows/B-L-9_2026-05-20.csv,,i1,S2_PROXY_INPUT,True,True,B-L-9,0,,False,measurement input only; not a fault or operational truth label
SRC-0005,lightguard_app/assets/data/ami_event_windows/B-L-9_2026-05-20.csv,,i2,S2_PROXY_INPUT,True,True,B-L-9,0,,False,measurement input only; not a fault or operational truth label
SRC-0005,lightguard_app/assets/data/ami_event_windows/B-L-9_2026-05-20.csv,,i3,S2_PROXY_INPUT,True,True,B-L-9,0,,False,measurement input only; not a fault or operational truth label
SRC-0005,lightguard_app/assets/data/ami_event_windows/B-L-9_2026-05-20.csv,,active_energy_kwh,S2_PROXY_INPUT,True,True,B-L-9,0,,False,measurement input only; not a fault or operational truth label
SRC-0006,lightguard_app/assets/data/ami_event_windows/B-L-9_2026-05-21.csv,,i1,S2_PROXY_INPUT,True,True,B-L-9,0,,False,measurement input only; not a fault or operational truth label
SRC-0006,lightguard_app/assets/data/ami_event_windows/B-L-9_2026-05-21.csv,,i2,S2_PROXY_INPUT,True,True,B-L-9,0,,False,measurement input only; not a fault or operational truth label
SRC-0006,lightguard_app/assets/data/ami_event_windows/B-L-9_2026-05-21.csv,,i3,S2_PROXY_INPUT,True,True,B-L-9,0,,False,measurement input only; not a fault or operational truth label
SRC-0006,lightguard_app/assets/data/ami_event_windows/B-L-9_2026-05-21.csv,,active_energy_kwh,S2_PROXY_INPUT,True,True,B-L-9,0,,False,measurement input only; not a fault or operational truth label
SRC-0008,lightguard_app/assets/data/ami_events.csv,,peak_current_a,S2_PROXY_INPUT,True,False,B-L-13;B-L-14;B-L-35;B-L-9,0,,False,measurement input only; not a fault or operational truth label
SRC-0008,lightguard_app/assets/data/ami_events.csv,,energy_method,S2_PROXY_INPUT,True,False,B-L-13;B-L-14;B-L-35;B-L-9,0,,False,measurement input only; not a fault or operational truth label
SRC-0008,lightguard_app/assets/data/ami_events.csv,,fault_status,U,True,False,B-L-13;B-L-14;B-L-35;B-L-9,6,unverified inspection candidate,False,keyword evidence lacks time and/or join key
SRC-0009,lightguard_app/assets/data/chungju_v02_seed.json,,$.objects[].asset_info.metadata.address,S1_CANDIDATE,True,True,,2,하수종말처리장뒤 | 음양지하수처리장,False,field evidence requires verified target mapping and record-level review
SRC-0009,lightguard_app/assets/data/chungju_v02_seed.json,,$.objects[].asset_info.metadata.controller_link_status,S1_CANDIDATE,True,True,,0,,False,field evidence requires verified target mapping and record-level review
SRC-0009,lightguard_app/assets/data/chungju_v02_seed.json,,$.objects[].inspection_priority.rank,S1_CANDIDATE,True,True,,0,,False,field evidence requires verified target mapping and record-level review
SRC-0009,lightguard_app/assets/data/chungju_v02_seed.json,,$.objects[].inspection_priority.reason,S1_CANDIDATE,True,True,,0,,False,field evidence requires verified target mapping and record-level review
SRC-0009,lightguard_app/assets/data/chungju_v02_seed.json,,$.objects[].inspection_priority.score,S1_CANDIDATE,True,True,,0,,False,field evidence requires verified target mapping and record-level review
SRC-0009,lightguard_app/assets/data/chungju_v02_seed.json,,$.objects[].inspection_priority.severity,S1_CANDIDATE,True,True,,0,,False,field evidence requires verified target mapping and record-level review
SRC-0010,lightguard_app/assets/data/context/context_ablation_results.csv,,status,U,False,True,,0,,False,keyword evidence lacks time and/or join key
SRC-0010,lightguard_app/assets/data/context/context_ablation_results.csv,,inspection_candidate_count,U,False,True,,0,,False,keyword evidence lacks time and/or join key
SRC-0013,lightguard_app/assets/data/context/kasi_validation.csv,,status,U,False,True,,0,,False,keyword evidence lacks time and/or join key
SRC-0015,lightguard_app/assets/data/context/v04_validation_summary.json,,$.baseline_v03_m2.inspection_candidate_count,S1_CANDIDATE,True,True,,0,,False,field evidence requires verified target mapping and record-level review
SRC-0015,lightguard_app/assets/data/context/v04_validation_summary.json,,$.best_v04.inspection_candidate_count,S1_CANDIDATE,True,True,,0,,False,field evidence requires verified target mapping and record-level review
SRC-0015,lightguard_app/assets/data/context/v04_validation_summary.json,,$.holdout_m0.inspection_candidate_count,S1_CANDIDATE,True,True,,0,,False,field evidence requires verified target mapping and record-level review
SRC-0016,lightguard_app/assets/data/context/v05_validation_summary.json,,$.claim_policy.prohibited[],S1_CANDIDATE,True,True,,1,true fault detection rate,False,field evidence requires verified target mapping and record-level review
SRC-0016,lightguard_app/assets/data/context/v05_validation_summary.json,,$.validation_scope,S1_CANDIDATE,True,True,,1,technical validation; actual ami has no confirmed fault labels,False,field evidence requires verified target mapping and record-level review
SRC-0017,lightguard_app/assets/data/context/v06_evidence_summary.json,,$.candidate_density.claim_scope,S1_CANDIDATE,True,True,,1,descriptive detector-candidate density; not fault prevalence,False,field evidence requires verified target mapping and record-level review
SRC-0018,lightguard_app/assets/data/context/v07_regional_seasonal_summary.json,,$.external_ami_validation.status,U,True,False,,0,,False,keyword evidence lacks time and/or join key
SRC-0018,lightguard_app/assets/data/context/v07_regional_seasonal_summary.json,,$.regional_assets.chungju.rated_load_status,U,True,False,,0,,False,keyword evidence lacks time and/or join key
SRC-0018,lightguard_app/assets/data/context/v07_regional_seasonal_summary.json,,$.regional_assets.gangneung.rated_load_status,U,True,False,,0,,False,keyword evidence lacks time and/or join key
SRC-0018,lightguard_app/assets/data/context/v07_regional_seasonal_summary.json,,$.regional_assets.suyeong.rated_load_status,U,True,False,,0,,False,keyword evidence lacks time and/or join key
SRC-0020,lightguard_app/assets/data/context/v09_specificity_summary.json,,$.claim_boundary,S1_CANDIDATE,True,True,,1,controlled generated episode-separated holdout only; not field ami accuracy or fault truth.,False,field evidence requires verified target mapping and record-level review
SRC-0021,lightguard_app/assets/data/context/v10_real_background_summary.json,,$.disclaimer,U,True,False,,1,not field fault accuracy. anonymous ami has no maintenance or fault truth.,False,keyword evidence lacks time and/or join key
SRC-0021,lightguard_app/assets/data/context/v10_real_background_summary.json,,$.field_fault_accuracy,U,True,False,,0,,False,keyword evidence lacks time and/or join key
SRC-0022,lightguard_app/assets/data/gangneung_v02_seed.json,,$.objects[].asset_info.metadata.address,S1_CANDIDATE,True,True,,3,강원특별자치도 강릉시 옥계면 주수리 625 | 강원특별자치도 강릉시 옥계면 주수리 533-17 | 강원특별자치도 강릉시 옥계면 주수리 537,False,field evidence requires verified target mapping and record-level review
SRC-0022,lightguard_app/assets/data/gangneung_v02_seed.json,,$.objects[].asset_info.metadata.controller_link_status,S1_CANDIDATE,True,True,,0,,False,field evidence requires verified target mapping and record-level review
SRC-0022,lightguard_app/assets/data/gangneung_v02_seed.json,,$.objects[].asset_info.metadata.controller_type,S1_CANDIDATE,True,True,,0,,False,field evidence requires verified target mapping and record-level review
SRC-0022,lightguard_app/assets/data/gangneung_v02_seed.json,,$.objects[].inspection_priority.rank,S1_CANDIDATE,True,True,,0,,False,field evidence requires verified target mapping and record-level review
SRC-0022,lightguard_app/assets/data/gangneung_v02_seed.json,,$.objects[].inspection_priority.reason,S1_CANDIDATE,True,True,,339,강릉시(controller-linked) 우선순위 산정: score=262.73 | 강릉시(controller-linked) 우선순위 산정: score=213.33 | 강릉시(controller-linked) 우선순위 산정: score=209.9 | 강릉시(controller-linked) 우선순위 산정: score=192.5 | 강릉시(controller-linked) 우선순위 산정: score=176.65 | 강릉시(controller-linked) 우선순위 산정: score=170.25 | 강릉시(controller-linked) 우선순위 산정: score=167.55 | 강릉시(controller-linked) 우선순위 산정: score=164.13,False,field evidence requires verified target mapping and record-level review
SRC-0022,lightguard_app/assets/data/gangneung_v02_seed.json,,$.objects[].inspection_priority.score,S1_CANDIDATE,True,True,,0,,False,field evidence requires verified target mapping and record-level review
SRC-0022,lightguard_app/assets/data/gangneung_v02_seed.json,,$.objects[].inspection_priority.severity,S1_CANDIDATE,True,True,,0,,False,field evidence requires verified target mapping and record-level review
SRC-0022,lightguard_app/assets/data/gangneung_v02_seed.json,,$.target_mode.description,S1_CANDIDATE,True,True,,1,강릉시 controller 연동 자산 중심 모드,False,field evidence requires verified target mapping and record-level review
SRC-0022,lightguard_app/assets/data/gangneung_v02_seed.json,,$.target_mode.title,S1_CANDIDATE,True,True,,1,강릉시(controller-linked),False,field evidence requires verified target mapping and record-level review
SRC-0023,lightguard_app/assets/data/simulation_scenarios_v02.json,,$.target_current_on,S2_PROXY_INPUT,True,False,,0,,False,measurement input only; not a fault or operational truth label
SRC-0025,lightguard_app/assets/data/suyeong_v02_objects.json,,$.asset_info.metadata.controller_link_status,S1_CANDIDATE,True,True,,0,,False,field evidence requires verified target mapping and record-level review
SRC-0025,lightguard_app/assets/data/suyeong_v02_objects.json,,$.asset_info.metadata.controller_type,S1_CANDIDATE,True,True,,0,,False,field evidence requires verified target mapping and record-level review
SRC-0025,lightguard_app/assets/data/suyeong_v02_objects.json,,$.detected_signals[].energy_method,S2_PROXY_INPUT,True,True,,0,,False,measurement input only; not a fault or operational truth label
SRC-0025,lightguard_app/assets/data/suyeong_v02_objects.json,,$.detected_signals[].fault_status,S1_CANDIDATE,True,True,,0,,False,field evidence requires verified target mapping and record-level review
SRC-0025,lightguard_app/assets/data/suyeong_v02_objects.json,,$.detected_signals[].peak_current_a,S2_PROXY_INPUT,True,True,,0,,False,measurement input only; not a fault or operational truth label
SRC-0025,lightguard_app/assets/data/suyeong_v02_objects.json,,$.inspection_priority.rank,S1_CANDIDATE,True,True,,0,,False,field evidence requires verified target mapping and record-level review
SRC-0025,lightguard_app/assets/data/suyeong_v02_objects.json,,$.inspection_priority.reason,S1_CANDIDATE,True,True,,0,,False,field evidence requires verified target mapping and record-level review
SRC-0025,lightguard_app/assets/data/suyeong_v02_objects.json,,$.inspection_priority.score,S1_CANDIDATE,True,True,,0,,False,field evidence requires verified target mapping and record-level review
SRC-0025,lightguard_app/assets/data/suyeong_v02_objects.json,,$.inspection_priority.severity,S1_CANDIDATE,True,True,,0,,False,field evidence requires verified target mapping and record-level review
SRC-0026,lightguard_app/assets/data/suyeong_v02_seed.json,,$.objects[].asset_info.metadata.controller_link_status,S1_CANDIDATE,True,True,,0,,False,field evidence requires verified target mapping and record-level review
SRC-0026,lightguard_app/assets/data/suyeong_v02_seed.json,,$.objects[].asset_info.metadata.controller_type,S1_CANDIDATE,True,True,,0,,False,field evidence requires verified target mapping and record-level review
SRC-0026,lightguard_app/assets/data/suyeong_v02_seed.json,,$.objects[].detected_signals[].energy_method,S2_PROXY_INPUT,True,True,,0,,False,measurement input only; not a fault or operational truth label
SRC-0026,lightguard_app/assets/data/suyeong_v02_seed.json,,$.objects[].detected_signals[].fault_status,S1_CANDIDATE,True,True,,0,,False,field evidence requires verified target mapping and record-level review
SRC-0026,lightguard_app/assets/data/suyeong_v02_seed.json,,$.objects[].detected_signals[].peak_current_a,S2_PROXY_INPUT,True,True,,0,,False,measurement input only; not a fault or operational truth label
SRC-0026,lightguard_app/assets/data/suyeong_v02_seed.json,,$.objects[].inspection_priority.rank,S1_CANDIDATE,True,True,,0,,False,field evidence requires verified target mapping and record-level review
SRC-0026,lightguard_app/assets/data/suyeong_v02_seed.json,,$.objects[].inspection_priority.reason,S1_CANDIDATE,True,True,,0,,False,field evidence requires verified target mapping and record-level review
SRC-0026,lightguard_app/assets/data/suyeong_v02_seed.json,,$.objects[].inspection_priority.score,S1_CANDIDATE,True,True,,0,,False,field evidence requires verified target mapping and record-level review
SRC-0026,lightguard_app/assets/data/suyeong_v02_seed.json,,$.objects[].inspection_priority.severity,S1_CANDIDATE,True,True,,0,,False,field evidence requires verified target mapping and record-level review
SRC-0026,lightguard_app/assets/data/suyeong_v02_seed.json,,$.target_mode.description,S1_CANDIDATE,True,True,,1,실제 ami 연결 전제 미존재. 주입 시나리오로 detector v0.2 동작 검증,False,field evidence requires verified target mapping and record-level review
SRC-0029,lightguard_v0_1/app_seed/chungju_cabinets.json,,$.address,U,True,False,,2,음양지하수처리장 | 하수종말처리장뒤,False,keyword evidence lacks time and/or join key
SRC-0029,lightguard_v0_1/app_seed/chungju_cabinets.json,,$.controller_link_status,U,True,False,,0,,False,keyword evidence lacks time and/or join key
SRC-0030,lightguard_v0_1/app_seed/demo_ami_events.json,,$.energy_method,S2_PROXY_INPUT,True,False,B-L-13;B-L-14;B-L-35;B-L-9,0,,False,measurement input only; not a fault or operational truth label
SRC-0030,lightguard_v0_1/app_seed/demo_ami_events.json,,$.fault_status,U,True,False,B-L-13;B-L-14;B-L-35;B-L-9,6,unverified inspection candidate,False,keyword evidence lacks time and/or join key
SRC-0030,lightguard_v0_1/app_seed/demo_ami_events.json,,$.peak_current_a,S2_PROXY_INPUT,True,False,B-L-13;B-L-14;B-L-35;B-L-9,0,,False,measurement input only; not a fault or operational truth label
SRC-0031,lightguard_v0_1/app_seed/demo_ami_meters.json,,$.energy_cadence_min,S2_PROXY_INPUT,True,False,B-L-12;B-L-13;B-L-14;B-L-35;B-L-9,0,,False,measurement input only; not a fault or operational truth label
SRC-0031,lightguard_v0_1/app_seed/demo_ami_meters.json,,$.valid_current_rows,S2_PROXY_INPUT,True,False,B-L-12;B-L-13;B-L-14;B-L-35;B-L-9,0,,False,measurement input only; not a fault or operational truth label
SRC-0032,lightguard_v0_1/app_seed/gangneung_cabinets.json,,$.address,U,True,False,,3,강원특별자치도 강릉시 옥계면 주수리 533-17 | 강원특별자치도 강릉시 옥계면 주수리 537 | 강원특별자치도 강릉시 옥계면 주수리 625,False,keyword evidence lacks time and/or join key
SRC-0032,lightguard_v0_1/app_seed/gangneung_cabinets.json,,$.controller_link_status,U,True,False,,0,,False,keyword evidence lacks time and/or join key
SRC-0032,lightguard_v0_1/app_seed/gangneung_cabinets.json,,$.controller_type,U,True,False,,0,,False,keyword evidence lacks time and/or join key
SRC-0033,lightguard_v0_1/app_seed/gangneung_controllers.json,,$.address,S1_CANDIDATE,True,True,,6,강원특별자치도 강릉시 옥계면 주수리 533-17 | 강원특별자치도 강릉시 옥계면 주수리 533-18 | 강원특별자치도 강릉시 옥계면 주수리 207-1 | 강원특별자치도 강릉시 옥계면 주수리 537 | 강원특별자치도 강릉시 옥계면 주수리 179-2 | 강원특별자치도 강릉시 옥계면 주수리 625,False,field evidence requires verified target mapping and record-level review
SRC-0033,lightguard_v0_1/app_seed/gangneung_controllers.json,,$.controller_uid,S1_CANDIDATE,True,True,,0,,False,field evidence requires verified target mapping and record-level review
SRC-0033,lightguard_v0_1/app_seed/gangneung_controllers.json,,$.voltage_setting,S2_PROXY_INPUT,True,True,,0,,False,measurement input only; not a fault or operational truth label
SRC-0034,lightguard_v0_1/app_seed/gangneung_fixtures.json,,$.address,U,True,False,,73,강원특별자치도 강릉시 옥계면 주수리 625 | 강원특별자치도 강릉시 옥계면 주수리 533-55 | 강원특별자치도 강릉시 옥계면 주수리 533-4 | 강원특별자치도 강릉시 옥계면 주수리 533-60 | 강원특별자치도 강릉시 옥계면 주수리 232-4 | 강원특별자치도 강릉시 옥계면 주수리 227-3 | 강원특별자치도 강릉시 옥계면 주수리 226-1 | 강원특별자치도 강릉시 옥계면 주수리 538,False,keyword evidence lacks time and/or join key
SRC-0034,lightguard_v0_1/app_seed/gangneung_fixtures.json,,$.controller_type,U,True,False,,0,,False,keyword evidence lacks time and/or join key
SRC-0035,lightguard_v0_1/app_seed/municipalities.json,,$.asset_mode,S1_CANDIDATE,True,True,,1,controller_linked,False,field evidence requires verified target mapping and record-level review
SRC-0036,lightguard_v0_1/app_seed/suyeong_cabinets.json,,$.controller_link_status,U,True,False,,0,,False,keyword evidence lacks time and/or join key
SRC-0036,lightguard_v0_1/app_seed/suyeong_cabinets.json,,$.controller_type,U,True,False,,0,,False,keyword evidence lacks time and/or join key
SRC-0037,lightguard_v0_1/app_seed/suyeong_fixtures.json,,$.controller_type,U,True,False,,0,,False,keyword evidence lacks time and/or join key
SRC-0038,lightguard_v0_1/app_seed/suyeong_v02_seed.json,,$.objects[].asset_info.metadata.controller_link_status,S1_CANDIDATE,True,True,,0,,False,field evidence requires verified target mapping and record-level review
SRC-0038,lightguard_v0_1/app_seed/suyeong_v02_seed.json,,$.objects[].asset_info.metadata.controller_type,S1_CANDIDATE,True,True,,0,,False,field evidence requires verified target mapping and record-level review
SRC-0038,lightguard_v0_1/app_seed/suyeong_v02_seed.json,,$.objects[].detected_signals[].energy_method,S2_PROXY_INPUT,True,True,,0,,False,measurement input only; not a fault or operational truth label
SRC-0038,lightguard_v0_1/app_seed/suyeong_v02_seed.json,,$.objects[].detected_signals[].fault_status,S1_CANDIDATE,True,True,,0,,False,field evidence requires verified target mapping and record-level review
SRC-0038,lightguard_v0_1/app_seed/suyeong_v02_seed.json,,$.objects[].detected_signals[].peak_current_a,S2_PROXY_INPUT,True,True,,0,,False,measurement input only; not a fault or operational truth label
SRC-0038,lightguard_v0_1/app_seed/suyeong_v02_seed.json,,$.objects[].inspection_priority.rank,S1_CANDIDATE,True,True,,0,,False,field evidence requires verified target mapping and record-level review
SRC-0038,lightguard_v0_1/app_seed/suyeong_v02_seed.json,,$.objects[].inspection_priority.reason,S1_CANDIDATE,True,True,,0,,False,field evidence requires verified target mapping and record-level review
SRC-0038,lightguard_v0_1/app_seed/suyeong_v02_seed.json,,$.objects[].inspection_priority.score,S1_CANDIDATE,True,True,,0,,False,field evidence requires verified target mapping and record-level review
SRC-0038,lightguard_v0_1/app_seed/suyeong_v02_seed.json,,$.objects[].inspection_priority.severity,S1_CANDIDATE,True,True,,0,,False,field evidence requires verified target mapping and record-level review
SRC-0038,lightguard_v0_1/app_seed/suyeong_v02_seed.json,,$.target_mode.description,S1_CANDIDATE,True,True,,1,실제 ami 연결 전제 미존재. 주입 시나리오로 detector v0.2 동작 검증,False,field evidence requires verified target mapping and record-level review
SRC-0039,lightguard_v0_1/data/ami_cabinet_mappings.csv,,mapping_status,U,True,False,,0,,False,keyword evidence lacks time and/or join key
SRC-0040,lightguard_v0_1/data/ami_data_quality.csv,,current_channel_missing_rows,S2_PROXY_INPUT,True,False,B-L-12;B-L-13;B-L-14;B-L-35;B-L-9,0,,False,measurement input only; not a fault or operational truth label
SRC-0040,lightguard_v0_1/data/ami_data_quality.csv,,voltage_channel_missing_rows,S2_PROXY_INPUT,True,False,B-L-12;B-L-13;B-L-14;B-L-35;B-L-9,0,,False,measurement input only; not a fault or operational truth label
SRC-0040,lightguard_v0_1/data/ami_data_quality.csv,,current_missing_rate_pct,S2_PROXY_INPUT,True,False,B-L-12;B-L-13;B-L-14;B-L-35;B-L-9,0,,False,measurement input only; not a fault or operational truth label
SRC-0041,lightguard_v0_1/data/ami_events.csv,,peak_current_a,S2_PROXY_INPUT,True,False,B-L-13;B-L-14;B-L-35;B-L-9,0,,False,measurement input only; not a fault or operational truth label
SRC-0041,lightguard_v0_1/data/ami_events.csv,,energy_method,S2_PROXY_INPUT,True,False,B-L-13;B-L-14;B-L-35;B-L-9,0,,False,measurement input only; not a fault or operational truth label
SRC-0041,lightguard_v0_1/data/ami_events.csv,,fault_status,U,True,False,B-L-13;B-L-14;B-L-35;B-L-9,6,unverified inspection candidate,False,keyword evidence lacks time and/or join key
SRC-0042,lightguard_v0_1/data/ami_meter_profiles.csv,,valid_current_rows,S2_PROXY_INPUT,True,False,B-L-12;B-L-13;B-L-14;B-L-35;B-L-9,0,,False,measurement input only; not a fault or operational truth label
SRC-0042,lightguard_v0_1/data/ami_meter_profiles.csv,,energy_cadence_min,S2_PROXY_INPUT,True,False,B-L-12;B-L-13;B-L-14;B-L-35;B-L-9,0,,False,measurement input only; not a fault or operational truth label
SRC-0044,lightguard_v0_1/data/cabinets.csv,,controller_type,U,True,False,,0,,False,keyword evidence lacks time and/or join key
SRC-0044,lightguard_v0_1/data/cabinets.csv,,controller_link_status,U,True,False,,0,,False,keyword evidence lacks time and/or join key
SRC-0044,lightguard_v0_1/data/cabinets.csv,,address,U,True,False,,5,강원특별자치도 강릉시 옥계면 주수리 533-17 | 강원특별자치도 강릉시 옥계면 주수리 537 | 강원특별자치도 강릉시 옥계면 주수리 625 | 음양지하수처리장 | 하수종말처리장뒤,False,keyword evidence lacks time and/or join key
SRC-0049,lightguard_v0_1/data/context/v04_validation_summary.json,,$.baseline_v03_m2.inspection_candidate_count,S1_CANDIDATE,True,True,,0,,False,field evidence requires verified target mapping and record-level review
SRC-0049,lightguard_v0_1/data/context/v04_validation_summary.json,,$.best_v04.inspection_candidate_count,S1_CANDIDATE,True,True,,0,,False,field evidence requires verified target mapping and record-level review
SRC-0049,lightguard_v0_1/data/context/v04_validation_summary.json,,$.holdout_m0.inspection_candidate_count,S1_CANDIDATE,True,True,,0,,False,field evidence requires verified target mapping and record-level review
SRC-0050,lightguard_v0_1/data/controllers.csv,,controller_uid,S1_CANDIDATE,True,True,,0,,False,field evidence requires verified target mapping and record-level review
SRC-0050,lightguard_v0_1/data/controllers.csv,,voltage_setting,S2_PROXY_INPUT,True,True,,0,,False,measurement input only; not a fault or operational truth label
SRC-0050,lightguard_v0_1/data/controllers.csv,,address,S1_CANDIDATE,True,True,,6,강원특별자치도 강릉시 옥계면 주수리 533-17 | 강원특별자치도 강릉시 옥계면 주수리 533-18 | 강원특별자치도 강릉시 옥계면 주수리 207-1 | 강원특별자치도 강릉시 옥계면 주수리 537 | 강원특별자치도 강릉시 옥계면 주수리 179-2 | 강원특별자치도 강릉시 옥계면 주수리 625,False,field evidence requires verified target mapping and record-level review
SRC-0051,lightguard_v0_1/data/data_summary.json,,$.gangneung.controller_rows,S1_CANDIDATE,True,True,B-L-12;B-L-13;B-L-14;B-L-35;B-L-9,0,,False,field evidence requires verified target mapping and record-level review
SRC-0051,lightguard_v0_1/data/data_summary.json,,$.suyeong.all_controller_type_bidirectional,S1_CANDIDATE,True,True,B-L-12;B-L-13;B-L-14;B-L-35;B-L-9,0,,False,field evidence requires verified target mapping and record-level review
SRC-0052,lightguard_v0_1/data/fixtures.csv,,address,U,True,False,,73,강원특별자치도 강릉시 옥계면 주수리 625 | 강원특별자치도 강릉시 옥계면 주수리 533-55 | 강원특별자치도 강릉시 옥계면 주수리 533-4 | 강원특별자치도 강릉시 옥계면 주수리 533-60 | 강원특별자치도 강릉시 옥계면 주수리 232-4 | 강원특별자치도 강릉시 옥계면 주수리 227-3 | 강원특별자치도 강릉시 옥계면 주수리 226-1 | 강원특별자치도 강릉시 옥계면 주수리 538,False,keyword evidence lacks time and/or join key
SRC-0052,lightguard_v0_1/data/fixtures.csv,,controller_type,U,True,False,,0,,False,keyword evidence lacks time and/or join key
SRC-0053,lightguard_v0_1/data/municipalities.csv,,asset_mode,S1_CANDIDATE,True,True,,1,controller_linked,False,field evidence requires verified target mapping and record-level review
SRC-0054,lightguard_v0_1/data/simulation_scenarios_v02.json,,$.target_current_on,S2_PROXY_INPUT,True,False,,0,,False,measurement input only; not a fault or operational truth label
SRC-0056,lightguard_v0_1/data/smart_streetlight_reference.csv,,address_lot,U,False,True,,24,충청남도 서산시 인지면 화수리 818-3 | 충청남도 서산시 인지면 화수리 834-2 | 충청남도 부여군 부여읍 군수리 22-1 | 충청북도 진천군 덕산읍 산수리 724-1 | 충청북도 진천군 덕산읍 산수리 84-7 | 충청북도 진천군 덕산읍 산수리 84-6 | 충청북도 진천군 덕산읍 산수리 산86-6 | 충청북도 진천군 덕산읍 산수리 792,False,keyword evidence lacks time and/or join key
SRC-0056,lightguard_v0_1/data/smart_streetlight_reference.csv,,sensor_type,U,False,True,,44,동작감지센서 | 조명제어,False,keyword evidence lacks time and/or join key
SRC-0057,lightguard_v0_1/data/suyeong_v02_objects.json,,$.asset_info.metadata.controller_link_status,S1_CANDIDATE,True,True,,0,,False,field evidence requires verified target mapping and record-level review
SRC-0057,lightguard_v0_1/data/suyeong_v02_objects.json,,$.asset_info.metadata.controller_type,S1_CANDIDATE,True,True,,0,,False,field evidence requires verified target mapping and record-level review
SRC-0057,lightguard_v0_1/data/suyeong_v02_objects.json,,$.detected_signals[].energy_method,S2_PROXY_INPUT,True,True,,0,,False,measurement input only; not a fault or operational truth label
SRC-0057,lightguard_v0_1/data/suyeong_v02_objects.json,,$.detected_signals[].fault_status,S1_CANDIDATE,True,True,,0,,False,field evidence requires verified target mapping and record-level review
SRC-0057,lightguard_v0_1/data/suyeong_v02_objects.json,,$.detected_signals[].peak_current_a,S2_PROXY_INPUT,True,True,,0,,False,measurement input only; not a fault or operational truth label
SRC-0057,lightguard_v0_1/data/suyeong_v02_objects.json,,$.inspection_priority.rank,S1_CANDIDATE,True,True,,0,,False,field evidence requires verified target mapping and record-level review
SRC-0057,lightguard_v0_1/data/suyeong_v02_objects.json,,$.inspection_priority.reason,S1_CANDIDATE,True,True,,0,,False,field evidence requires verified target mapping and record-level review
SRC-0057,lightguard_v0_1/data/suyeong_v02_objects.json,,$.inspection_priority.score,S1_CANDIDATE,True,True,,0,,False,field evidence requires verified target mapping and record-level review
SRC-0057,lightguard_v0_1/data/suyeong_v02_objects.json,,$.inspection_priority.severity,S1_CANDIDATE,True,True,,0,,False,field evidence requires verified target mapping and record-level review
SRC-0061,lightguard_v0_1/data/validation/v05/causal_walkforward_results.csv,,status,S1_CANDIDATE,True,True,B-L-12;B-L-13;B-L-14;B-L-35;B-L-9,0,,False,field evidence requires verified target mapping and record-level review
SRC-0061,lightguard_v0_1/data/validation/v05/causal_walkforward_results.csv,,peak_total_current_a,S2_PROXY_INPUT,True,True,B-L-12;B-L-13;B-L-14;B-L-35;B-L-9,0,,False,measurement input only; not a fault or operational truth label
SRC-0062,lightguard_v0_1/data/validation/v05/causal_walkforward_summary.json,,$.full_sample.leakage_status,S1_CANDIDATE,True,True,,0,,False,field evidence requires verified target mapping and record-level review
SRC-0063,lightguard_v0_1/data/validation/v05/sensitivity_grid.json,,$.summary.baseline_metrics.inspection_candidate_count,S1_CANDIDATE,True,True,,0,,False,field evidence requires verified target mapping and record-level review
SRC-0065,lightguard_v0_1/data/validation/v05/temporal_meter_profiles.json,,$.B-L-12.energy_availability,S2_PROXY_INPUT,True,True,B-L-12;B-L-13;B-L-14;B-L-35;B-L-9,0,,False,measurement input only; not a fault or operational truth label
SRC-0065,lightguard_v0_1/data/validation/v05/temporal_meter_profiles.json,,$.B-L-12.energy_non_missing_count,S2_PROXY_INPUT,True,True,B-L-12;B-L-13;B-L-14;B-L-35;B-L-9,0,,False,measurement input only; not a fault or operational truth label
SRC-0065,lightguard_v0_1/data/validation/v05/temporal_meter_profiles.json,,$.B-L-12.monthly[].interpretation,S1_CANDIDATE,True,True,B-L-12;B-L-13;B-L-14;B-L-35;B-L-9,3,descriptive meter behavior; not a fault rate,False,field evidence requires verified target mapping and record-level review
SRC-0065,lightguard_v0_1/data/validation/v05/temporal_meter_profiles.json,,$.B-L-12.monthly[].missing_current_rows,S2_PROXY_INPUT,True,True,B-L-12;B-L-13;B-L-14;B-L-35;B-L-9,0,,False,measurement input only; not a fault or operational truth label
SRC-0065,lightguard_v0_1/data/validation/v05/temporal_meter_profiles.json,,$.B-L-12.monthly[].night_current_cv,S2_PROXY_INPUT,True,True,B-L-12;B-L-13;B-L-14;B-L-35;B-L-9,0,,False,measurement input only; not a fault or operational truth label
SRC-0065,lightguard_v0_1/data/validation/v05/temporal_meter_profiles.json,,$.B-L-12.phase_non_missing_counts.i1,S2_PROXY_INPUT,True,True,B-L-12;B-L-13;B-L-14;B-L-35;B-L-9,0,,False,measurement input only; not a fault or operational truth label
SRC-0065,lightguard_v0_1/data/validation/v05/temporal_meter_profiles.json,,$.B-L-12.phase_non_missing_counts.i2,S2_PROXY_INPUT,True,True,B-L-12;B-L-13;B-L-14;B-L-35;B-L-9,0,,False,measurement input only; not a fault or operational truth label
SRC-0065,lightguard_v0_1/data/validation/v05/temporal_meter_profiles.json,,$.B-L-12.phase_non_missing_counts.i3,S2_PROXY_INPUT,True,True,B-L-12;B-L-13;B-L-14;B-L-35;B-L-9,0,,False,measurement input only; not a fault or operational truth label
SRC-0065,lightguard_v0_1/data/validation/v05/temporal_meter_profiles.json,,$.B-L-13.energy_availability,S2_PROXY_INPUT,True,True,B-L-12;B-L-13;B-L-14;B-L-35;B-L-9,0,,False,measurement input only; not a fault or operational truth label
SRC-0065,lightguard_v0_1/data/validation/v05/temporal_meter_profiles.json,,$.B-L-13.energy_non_missing_count,S2_PROXY_INPUT,True,True,B-L-12;B-L-13;B-L-14;B-L-35;B-L-9,0,,False,measurement input only; not a fault or operational truth label
SRC-0065,lightguard_v0_1/data/validation/v05/temporal_meter_profiles.json,,$.B-L-13.monthly[].interpretation,S1_CANDIDATE,True,True,B-L-12;B-L-13;B-L-14;B-L-35;B-L-9,3,descriptive meter behavior; not a fault rate,False,field evidence requires verified target mapping and record-level review
SRC-0065,lightguard_v0_1/data/validation/v05/temporal_meter_profiles.json,,$.B-L-13.monthly[].missing_current_rows,S2_PROXY_INPUT,True,True,B-L-12;B-L-13;B-L-14;B-L-35;B-L-9,0,,False,measurement input only; not a fault or operational truth label
SRC-0065,lightguard_v0_1/data/validation/v05/temporal_meter_profiles.json,,$.B-L-13.monthly[].night_current_cv,S2_PROXY_INPUT,True,True,B-L-12;B-L-13;B-L-14;B-L-35;B-L-9,0,,False,measurement input only; not a fault or operational truth label
SRC-0065,lightguard_v0_1/data/validation/v05/temporal_meter_profiles.json,,$.B-L-13.phase_non_missing_counts.i1,S2_PROXY_INPUT,True,True,B-L-12;B-L-13;B-L-14;B-L-35;B-L-9,0,,False,measurement input only; not a fault or operational truth label
SRC-0065,lightguard_v0_1/data/validation/v05/temporal_meter_profiles.json,,$.B-L-13.phase_non_missing_counts.i2,S2_PROXY_INPUT,True,True,B-L-12;B-L-13;B-L-14;B-L-35;B-L-9,0,,False,measurement input only; not a fault or operational truth label
SRC-0065,lightguard_v0_1/data/validation/v05/temporal_meter_profiles.json,,$.B-L-13.phase_non_missing_counts.i3,S2_PROXY_INPUT,True,True,B-L-12;B-L-13;B-L-14;B-L-35;B-L-9,0,,False,measurement input only; not a fault or operational truth label
SRC-0065,lightguard_v0_1/data/validation/v05/temporal_meter_profiles.json,,$.B-L-14.energy_availability,S2_PROXY_INPUT,True,True,B-L-12;B-L-13;B-L-14;B-L-35;B-L-9,0,,False,measurement input only; not a fault or operational truth label
SRC-0065,lightguard_v0_1/data/validation/v05/temporal_meter_profiles.json,,$.B-L-14.energy_non_missing_count,S2_PROXY_INPUT,True,True,B-L-12;B-L-13;B-L-14;B-L-35;B-L-9,0,,False,measurement input only; not a fault or operational truth label
SRC-0065,lightguard_v0_1/data/validation/v05/temporal_meter_profiles.json,,$.B-L-14.monthly[].interpretation,S1_CANDIDATE,True,True,B-L-12;B-L-13;B-L-14;B-L-35;B-L-9,3,descriptive meter behavior; not a fault rate,False,field evidence requires verified target mapping and record-level review
SRC-0065,lightguard_v0_1/data/validation/v05/temporal_meter_profiles.json,,$.B-L-14.monthly[].missing_current_rows,S2_PROXY_INPUT,True,True,B-L-12;B-L-13;B-L-14;B-L-35;B-L-9,0,,False,measurement input only; not a fault or operational truth label
SRC-0065,lightguard_v0_1/data/validation/v05/temporal_meter_profiles.json,,$.B-L-14.monthly[].night_current_cv,S2_PROXY_INPUT,True,True,B-L-12;B-L-13;B-L-14;B-L-35;B-L-9,0,,False,measurement input only; not a fault or operational truth label
SRC-0065,lightguard_v0_1/data/validation/v05/temporal_meter_profiles.json,,$.B-L-14.phase_non_missing_counts.i1,S2_PROXY_INPUT,True,True,B-L-12;B-L-13;B-L-14;B-L-35;B-L-9,0,,False,measurement input only; not a fault or operational truth label
SRC-0065,lightguard_v0_1/data/validation/v05/temporal_meter_profiles.json,,$.B-L-14.phase_non_missing_counts.i2,S2_PROXY_INPUT,True,True,B-L-12;B-L-13;B-L-14;B-L-35;B-L-9,0,,False,measurement input only; not a fault or operational truth label
SRC-0065,lightguard_v0_1/data/validation/v05/temporal_meter_profiles.json,,$.B-L-14.phase_non_missing_counts.i3,S2_PROXY_INPUT,True,True,B-L-12;B-L-13;B-L-14;B-L-35;B-L-9,0,,False,measurement input only; not a fault or operational truth label
SRC-0065,lightguard_v0_1/data/validation/v05/temporal_meter_profiles.json,,$.B-L-35.energy_availability,S2_PROXY_INPUT,True,True,B-L-12;B-L-13;B-L-14;B-L-35;B-L-9,0,,False,measurement input only; not a fault or operational truth label
SRC-0065,lightguard_v0_1/data/validation/v05/temporal_meter_profiles.json,,$.B-L-35.energy_non_missing_count,S2_PROXY_INPUT,True,True,B-L-12;B-L-13;B-L-14;B-L-35;B-L-9,0,,False,measurement input only; not a fault or operational truth label
SRC-0065,lightguard_v0_1/data/validation/v05/temporal_meter_profiles.json,,$.B-L-35.monthly[].interpretation,S1_CANDIDATE,True,True,B-L-12;B-L-13;B-L-14;B-L-35;B-L-9,3,descriptive meter behavior; not a fault rate,False,field evidence requires verified target mapping and record-level review
SRC-0065,lightguard_v0_1/data/validation/v05/temporal_meter_profiles.json,,$.B-L-35.monthly[].missing_current_rows,S2_PROXY_INPUT,True,True,B-L-12;B-L-13;B-L-14;B-L-35;B-L-9,0,,False,measurement input only; not a fault or operational truth label
SRC-0065,lightguard_v0_1/data/validation/v05/temporal_meter_profiles.json,,$.B-L-35.monthly[].night_current_cv,S2_PROXY_INPUT,True,True,B-L-12;B-L-13;B-L-14;B-L-35;B-L-9,0,,False,measurement input only; not a fault or operational truth label
SRC-0065,lightguard_v0_1/data/validation/v05/temporal_meter_profiles.json,,$.B-L-35.phase_non_missing_counts.i1,S2_PROXY_INPUT,True,True,B-L-12;B-L-13;B-L-14;B-L-35;B-L-9,0,,False,measurement input only; not a fault or operational truth label
SRC-0065,lightguard_v0_1/data/validation/v05/temporal_meter_profiles.json,,$.B-L-35.phase_non_missing_counts.i2,S2_PROXY_INPUT,True,True,B-L-12;B-L-13;B-L-14;B-L-35;B-L-9,0,,False,measurement input only; not a fault or operational truth label
SRC-0065,lightguard_v0_1/data/validation/v05/temporal_meter_profiles.json,,$.B-L-35.phase_non_missing_counts.i3,S2_PROXY_INPUT,True,True,B-L-12;B-L-13;B-L-14;B-L-35;B-L-9,0,,False,measurement input only; not a fault or operational truth label
SRC-0065,lightguard_v0_1/data/validation/v05/temporal_meter_profiles.json,,$.B-L-9.energy_availability,S2_PROXY_INPUT,True,True,B-L-12;B-L-13;B-L-14;B-L-35;B-L-9,0,,False,measurement input only; not a fault or operational truth label
SRC-0065,lightguard_v0_1/data/validation/v05/temporal_meter_profiles.json,,$.B-L-9.energy_non_missing_count,S2_PROXY_INPUT,True,True,B-L-12;B-L-13;B-L-14;B-L-35;B-L-9,0,,False,measurement input only; not a fault or operational truth label
SRC-0065,lightguard_v0_1/data/validation/v05/temporal_meter_profiles.json,,$.B-L-9.monthly[].interpretation,S1_CANDIDATE,True,True,B-L-12;B-L-13;B-L-14;B-L-35;B-L-9,3,descriptive meter behavior; not a fault rate,False,field evidence requires verified target mapping and record-level review
SRC-0065,lightguard_v0_1/data/validation/v05/temporal_meter_profiles.json,,$.B-L-9.monthly[].missing_current_rows,S2_PROXY_INPUT,True,True,B-L-12;B-L-13;B-L-14;B-L-35;B-L-9,0,,False,measurement input only; not a fault or operational truth label
SRC-0065,lightguard_v0_1/data/validation/v05/temporal_meter_profiles.json,,$.B-L-9.monthly[].night_current_cv,S2_PROXY_INPUT,True,True,B-L-12;B-L-13;B-L-14;B-L-35;B-L-9,0,,False,measurement input only; not a fault or operational truth label
SRC-0065,lightguard_v0_1/data/validation/v05/temporal_meter_profiles.json,,$.B-L-9.phase_non_missing_counts.i1,S2_PROXY_INPUT,True,True,B-L-12;B-L-13;B-L-14;B-L-35;B-L-9,0,,False,measurement input only; not a fault or operational truth label
SRC-0065,lightguard_v0_1/data/validation/v05/temporal_meter_profiles.json,,$.B-L-9.phase_non_missing_counts.i2,S2_PROXY_INPUT,True,True,B-L-12;B-L-13;B-L-14;B-L-35;B-L-9,0,,False,measurement input only; not a fault or operational truth label
SRC-0065,lightguard_v0_1/data/validation/v05/temporal_meter_profiles.json,,$.B-L-9.phase_non_missing_counts.i3,S2_PROXY_INPUT,True,True,B-L-12;B-L-13;B-L-14;B-L-35;B-L-9,0,,False,measurement input only; not a fault or operational truth label
SRC-0066,lightguard_v0_1/data/validation/v05/v05_validation_summary.json,,$.claim_policy.prohibited[],S1_CANDIDATE,True,True,,1,true fault detection rate,False,field evidence requires verified target mapping and record-level review
SRC-0066,lightguard_v0_1/data/validation/v05/v05_validation_summary.json,,$.validation_scope,S1_CANDIDATE,True,True,,1,technical validation; actual ami has no confirmed fault labels,False,field evidence requires verified target mapping and record-level review
SRC-0067,lightguard_v0_1/data/validation/v06/abstention_policy.json,,$.default,U,False,False,,0,,False,keyword evidence lacks time and/or join key
SRC-0068,lightguard_v0_1/data/validation/v06/field_outcome_schema.json,,$.properties.fault_type.type[],U,True,True,,0,,False,keyword evidence lacks time and/or join key
SRC-0068,lightguard_v0_1/data/validation/v06/field_outcome_schema.json,,$.properties.inspection_id.minLength,S1_CANDIDATE,True,True,,0,,False,field evidence requires verified target mapping and record-level review
SRC-0068,lightguard_v0_1/data/validation/v06/field_outcome_schema.json,,$.properties.inspection_id.type,S1_CANDIDATE,True,True,,0,,False,field evidence requires verified target mapping and record-level review
SRC-0068,lightguard_v0_1/data/validation/v06/field_outcome_schema.json,,$.properties.inspection_started_at.format,S1_CANDIDATE,True,True,,0,,False,field evidence requires verified target mapping and record-level review
SRC-0068,lightguard_v0_1/data/validation/v06/field_outcome_schema.json,,$.properties.inspection_started_at.type,S1_CANDIDATE,True,True,,0,,False,field evidence requires verified target mapping and record-level review
SRC-0068,lightguard_v0_1/data/validation/v06/field_outcome_schema.json,,$.properties.outcome.enum[],S1_CANDIDATE,True,True,,2,confirmed_fault | maintenance_related,False,field evidence requires verified target mapping and record-level review
SRC-0068,lightguard_v0_1/data/validation/v06/field_outcome_schema.json,,$.properties.post_repair_verified.type[],U,True,True,,0,,False,keyword evidence lacks time and/or join key
SRC-0068,lightguard_v0_1/data/validation/v06/field_outcome_schema.json,,$.properties.repair_action.type[],U,True,True,,0,,False,keyword evidence lacks time and/or join key
SRC-0068,lightguard_v0_1/data/validation/v06/field_outcome_schema.json,,$.required[],S1_CANDIDATE,True,True,,2,inspection_id | inspection_started_at,False,field evidence requires verified target mapping and record-level review
SRC-0068,lightguard_v0_1/data/validation/v06/field_outcome_schema.json,,$.title,S1_CANDIDATE,True,True,,1,lightguard blinded field inspection outcome,False,field evidence requires verified target mapping and record-level review
SRC-0069,lightguard_v0_1/data/validation/v06/stationary_bootstrap.json,,$.claim_scope,S1_CANDIDATE,True,True,,1,descriptive detector-candidate density; not fault prevalence,False,field evidence requires verified target mapping and record-level review
SRC-0070,lightguard_v0_1/data/validation/v06/v06_evidence_summary.json,,$.candidate_density.claim_scope,S1_CANDIDATE,True,True,,1,descriptive detector-candidate density; not fault prevalence,False,field evidence requires verified target mapping and record-level review
SRC-0073,lightguard_v0_1/data/validation/v07/regional_seasonal_summary.json,,$.external_ami_validation.status,U,True,False,,0,,False,keyword evidence lacks time and/or join key
SRC-0073,lightguard_v0_1/data/validation/v07/regional_seasonal_summary.json,,$.regional_assets.chungju.rated_load_status,U,True,False,,0,,False,keyword evidence lacks time and/or join key
SRC-0073,lightguard_v0_1/data/validation/v07/regional_seasonal_summary.json,,$.regional_assets.gangneung.rated_load_status,U,True,False,,0,,False,keyword evidence lacks time and/or join key
SRC-0073,lightguard_v0_1/data/validation/v07/regional_seasonal_summary.json,,$.regional_assets.suyeong.rated_load_status,U,True,False,,0,,False,keyword evidence lacks time and/or join key
SRC-0074,lightguard_v0_1/data/validation/v08/v07_freeze_manifest.json,,$.preflight.command,S1_CANDIDATE,True,True,,0,,False,field evidence requires verified target mapping and record-level review
SRC-0074,lightguard_v0_1/data/validation/v08/v07_freeze_manifest.json,,$.preflight.status,S1_CANDIDATE,True,True,,0,,False,field evidence requires verified target mapping and record-level review
SRC-0075,lightguard_v0_1/data/validation/v08/v08_calibration_set.json,,$.cases[].rated_load_status,S1_CANDIDATE,True,True,,0,,False,field evidence requires verified target mapping and record-level review
SRC-0077,lightguard_v0_1/data/validation/v08/v08_confirmatory_holdout.json,,$.cases[].rated_load_status,S1_CANDIDATE,True,True,,0,,False,field evidence requires verified target mapping and record-level review
SRC-0079,lightguard_v0_1/data/validation/v08/v08_design_matrix.csv,,rated_load_status,U,True,False,,0,,False,keyword evidence lacks time and/or join key
SRC-0081,lightguard_v0_1/data/validation/v08_design_matrix.csv,,rated_load_status,U,True,False,,0,,False,keyword evidence lacks time and/or join key
SRC-0082,lightguard_v0_1/data/validation/v09/v08_freeze_manifest.json,,$.v08_role,S1_CANDIDATE,True,True,,1,failure_analysis_and_regression_reference_only_not_v09_tuning,False,field evidence requires verified target mapping and record-level review
SRC-0083,lightguard_v0_1/data/validation/v09/v09_calibration_set.json,,$.cases[].policy_status,S1_CANDIDATE,True,True,,0,,False,field evidence requires verified target mapping and record-level review
SRC-0083,lightguard_v0_1/data/validation/v09/v09_calibration_set.json,,$.cases[].rated_load_status,S1_CANDIDATE,True,True,,0,,False,field evidence requires verified target mapping and record-level review
SRC-0086,lightguard_v0_1/data/validation/v09/v09_confirmatory_holdout.json,,$.cases[].policy_status,S1_CANDIDATE,True,True,,0,,False,field evidence requires verified target mapping and record-level review
SRC-0086,lightguard_v0_1/data/validation/v09/v09_confirmatory_holdout.json,,$.cases[].rated_load_status,S1_CANDIDATE,True,True,,0,,False,field evidence requires verified target mapping and record-level review
SRC-0087,lightguard_v0_1/data/validation/v09/v09_confirmatory_summary.json,,$.claim_boundary,U,False,True,,1,controlled generated episode-separated holdout only; not field ami accuracy or fault truth.,False,keyword evidence lacks time and/or join key
SRC-0088,lightguard_v0_1/data/validation/v09/v09_episode_manifest.json,,$.episodes[].episode_status,U,False,True,,0,,False,keyword evidence lacks time and/or join key
SRC-0088,lightguard_v0_1/data/validation/v09/v09_episode_manifest.json,,$.episodes[].kasi.status,U,False,True,,0,,False,keyword evidence lacks time and/or join key
SRC-0088,lightguard_v0_1/data/validation/v09/v09_episode_manifest.json,,$.episodes[].kma.status,U,False,True,,0,,False,keyword evidence lacks time and/or join key
SRC-0088,lightguard_v0_1/data/validation/v09/v09_episode_manifest.json,,$.episodes[].v08_eligibility,U,False,True,,48,forbidden_regression_and_failure_analysis_only,False,keyword evidence lacks time and/or join key
SRC-0088,lightguard_v0_1/data/validation/v09/v09_episode_manifest.json,,$.scenario_generation_gate.status,U,False,True,,0,,False,keyword evidence lacks time and/or join key
SRC-0088,lightguard_v0_1/data/validation/v09/v09_episode_manifest.json,,$.v08_policy,U,False,True,,1,v0.8 is frozen regression and failure-analysis evidence only; it cannot tune v0.9 candidates.,False,keyword evidence lacks time and/or join key
SRC-0089,lightguard_v0_1/data/validation/v09/v09_official_context_2025.json,,$.episodes[].kasi.status,U,False,True,,0,,False,keyword evidence lacks time and/or join key
SRC-0091,lightguard_v0_1/data/validation/v10/v10_background_pool_manifest.json,,$.audit.B-L-12.exclusion_counts.fewer_than_90_usable_current_slots,S2_PROXY_INPUT,True,True,B-L-12;B-L-13;B-L-14;B-L-35;B-L-9,0,,False,measurement input only; not a fault or operational truth label
SRC-0091,lightguard_v0_1/data/validation/v10/v10_background_pool_manifest.json,,$.audit.B-L-13.exclusion_counts.fewer_than_90_usable_current_slots,S2_PROXY_INPUT,True,True,B-L-12;B-L-13;B-L-14;B-L-35;B-L-9,0,,False,measurement input only; not a fault or operational truth label
SRC-0091,lightguard_v0_1/data/validation/v10/v10_background_pool_manifest.json,,$.audit.B-L-14.exclusion_counts.fewer_than_90_usable_current_slots,S2_PROXY_INPUT,True,True,B-L-12;B-L-13;B-L-14;B-L-35;B-L-9,0,,False,measurement input only; not a fault or operational truth label
SRC-0091,lightguard_v0_1/data/validation/v10/v10_background_pool_manifest.json,,$.audit.B-L-35.exclusion_counts.fewer_than_90_usable_current_slots,S2_PROXY_INPUT,True,True,B-L-12;B-L-13;B-L-14;B-L-35;B-L-9,0,,False,measurement input only; not a fault or operational truth label
SRC-0091,lightguard_v0_1/data/validation/v10/v10_background_pool_manifest.json,,$.audit.B-L-9.exclusion_counts.fewer_than_90_usable_current_slots,S2_PROXY_INPUT,True,True,B-L-12;B-L-13;B-L-14;B-L-35;B-L-9,0,,False,measurement input only; not a fault or operational truth label
SRC-0091,lightguard_v0_1/data/validation/v10/v10_background_pool_manifest.json,,$.status,S1_CANDIDATE,True,True,B-L-12;B-L-13;B-L-14;B-L-35;B-L-9,0,,False,field evidence requires verified target mapping and record-level review
SRC-0091,lightguard_v0_1/data/validation/v10/v10_background_pool_manifest.json,,$.units[].usable_current_slots,S2_PROXY_INPUT,True,True,B-L-12;B-L-13;B-L-14;B-L-35;B-L-9,0,,False,measurement input only; not a fault or operational truth label
SRC-0092,lightguard_v0_1/data/validation/v10/v10_injection_manifest.json,,$.energy_reconstruction,S2_PROXY_INPUT,True,True,B-L-12;B-L-13;B-L-14;B-L-35;B-L-9,0,,False,measurement input only; not a fault or operational truth label
SRC-0092,lightguard_v0_1/data/validation/v10/v10_injection_manifest.json,,$.rows[].cell_provenance[].energy_unchanged,S2_PROXY_INPUT,True,True,B-L-12;B-L-13;B-L-14;B-L-35;B-L-9,0,,False,measurement input only; not a fault or operational truth label
SRC-0092,lightguard_v0_1/data/validation/v10/v10_injection_manifest.json,,$.rows[].energy_unchanged,S2_PROXY_INPUT,True,True,B-L-12;B-L-13;B-L-14;B-L-35;B-L-9,0,,False,measurement input only; not a fault or operational truth label
SRC-0092,lightguard_v0_1/data/validation/v10/v10_injection_manifest.json,,$.rows[].status,S1_CANDIDATE,True,True,B-L-12;B-L-13;B-L-14;B-L-35;B-L-9,0,,False,field evidence requires verified target mapping and record-level review
SRC-0092,lightguard_v0_1/data/validation/v10/v10_injection_manifest.json,,$.status,S1_CANDIDATE,True,True,B-L-12;B-L-13;B-L-14;B-L-35;B-L-9,0,,False,field evidence requires verified target mapping and record-level review
SRC-0093,lightguard_v0_1/data/validation/v10/v10_raw_ami_manifest.json,,$.columns.current[].semantic,S2_PROXY_INPUT,True,True,B-L-12;B-L-13;B-L-14;B-L-35;B-L-9,0,,False,measurement input only; not a fault or operational truth label
SRC-0093,lightguard_v0_1/data/validation/v10/v10_raw_ami_manifest.json,,$.columns.current[].zero_based_index,S2_PROXY_INPUT,True,True,B-L-12;B-L-13;B-L-14;B-L-35;B-L-9,0,,False,measurement input only; not a fault or operational truth label
SRC-0093,lightguard_v0_1/data/validation/v10/v10_raw_ami_manifest.json,,$.columns.energy[].semantic,S2_PROXY_INPUT,True,True,B-L-12;B-L-13;B-L-14;B-L-35;B-L-9,0,,False,measurement input only; not a fault or operational truth label
SRC-0093,lightguard_v0_1/data/validation/v10/v10_raw_ami_manifest.json,,$.columns.energy[].zero_based_index,S2_PROXY_INPUT,True,True,B-L-12;B-L-13;B-L-14;B-L-35;B-L-9,0,,False,measurement input only; not a fault or operational truth label
SRC-0093,lightguard_v0_1/data/validation/v10/v10_raw_ami_manifest.json,,$.immutability.energy_reconstruction_allowed,S2_PROXY_INPUT,True,True,B-L-12;B-L-13;B-L-14;B-L-35;B-L-9,0,,False,measurement input only; not a fault or operational truth label
SRC-0093,lightguard_v0_1/data/validation/v10/v10_raw_ami_manifest.json,,$.meters[].channel_missing_count.i1,S2_PROXY_INPUT,True,True,B-L-12;B-L-13;B-L-14;B-L-35;B-L-9,0,,False,measurement input only; not a fault or operational truth label
SRC-0093,lightguard_v0_1/data/validation/v10/v10_raw_ami_manifest.json,,$.meters[].channel_missing_count.i2,S2_PROXY_INPUT,True,True,B-L-12;B-L-13;B-L-14;B-L-35;B-L-9,0,,False,measurement input only; not a fault or operational truth label
SRC-0093,lightguard_v0_1/data/validation/v10/v10_raw_ami_manifest.json,,$.meters[].channel_missing_count.i3,S2_PROXY_INPUT,True,True,B-L-12;B-L-13;B-L-14;B-L-35;B-L-9,0,,False,measurement input only; not a fault or operational truth label
SRC-0093,lightguard_v0_1/data/validation/v10/v10_raw_ami_manifest.json,,$.meters[].channel_missing_rate.i1,S2_PROXY_INPUT,True,True,B-L-12;B-L-13;B-L-14;B-L-35;B-L-9,0,,False,measurement input only; not a fault or operational truth label
SRC-0093,lightguard_v0_1/data/validation/v10/v10_raw_ami_manifest.json,,$.meters[].channel_missing_rate.i2,S2_PROXY_INPUT,True,True,B-L-12;B-L-13;B-L-14;B-L-35;B-L-9,0,,False,measurement input only; not a fault or operational truth label
SRC-0093,lightguard_v0_1/data/validation/v10/v10_raw_ami_manifest.json,,$.meters[].channel_missing_rate.i3,S2_PROXY_INPUT,True,True,B-L-12;B-L-13;B-L-14;B-L-35;B-L-9,0,,False,measurement input only; not a fault or operational truth label
SRC-0093,lightguard_v0_1/data/validation/v10/v10_raw_ami_manifest.json,,$.meters[].measured_current_phase_count,S2_PROXY_INPUT,True,True,B-L-12;B-L-13;B-L-14;B-L-35;B-L-9,0,,False,measurement input only; not a fault or operational truth label
SRC-0094,lightguard_v0_1/data/validation/v10/v10_shadow_origin_audit.csv,,current_channel_state,S2_PROXY_INPUT,True,True,B-L-12;B-L-13;B-L-14;B-L-35;B-L-9,0,,False,measurement input only; not a fault or operational truth label
SRC-0098,lightguard_v0_1/reports/actual_ami_replay_regression.csv,,observed_peak_current_a,S2_PROXY_INPUT,False,False,,0,,False,measurement input only; not a fault or operational truth label
SRC-0098,lightguard_v0_1/reports/actual_ami_replay_regression.csv,,expected_peak_current_a,S2_PROXY_INPUT,False,False,,0,,False,measurement input only; not a fault or operational truth label
SRC-0098,lightguard_v0_1/reports/actual_ami_replay_regression.csv,,peak_current_consistent,S2_PROXY_INPUT,False,False,,0,,False,measurement input only; not a fault or operational truth label
SRC-0099,lightguard_v0_1/reports/context_ablation_results.csv,,status,U,False,True,,0,,False,keyword evidence lacks time and/or join key
SRC-0099,lightguard_v0_1/reports/context_ablation_results.csv,,inspection_candidate_count,U,False,True,,0,,False,keyword evidence lacks time and/or join key
SRC-0100,lightguard_v0_1/reports/kasi_validation.csv,,status,U,False,True,,0,,False,keyword evidence lacks time and/or join key
SRC-0103,lightguard_v0_1/reports/v04_calibration_results.csv,,inspection_candidate_count,U,False,True,,0,,False,keyword evidence lacks time and/or join key
SRC-0104,lightguard_v0_1/reports/v04_confirmatory_results.csv,,inspection_candidate_count,U,False,True,,0,,False,keyword evidence lacks time and/or join key
SRC-0107,lightguard_v0_1/reports/v05/peak_consistency_forensics.csv,,canonical_peak_current_a,S2_PROXY_INPUT,True,True,B-L-13;B-L-14;B-L-35;B-L-9,0,,False,measurement input only; not a fault or operational truth label
SRC-0107,lightguard_v0_1/reports/v05/peak_consistency_forensics.csv,,all_current_missing_rows,S2_PROXY_INPUT,True,True,B-L-13;B-L-14;B-L-35;B-L-9,0,,False,measurement input only; not a fault or operational truth label
SRC-0108,lightguard_v0_1/reports/v05/reproducibility_manifest.json,,$.commands[],S1_CANDIDATE,True,True,,0,,False,field evidence requires verified target mapping and record-level review
SRC-0110,lightguard_v0_1/reports/v05/temporal_stability.csv,,night_current_cv,S2_PROXY_INPUT,True,True,B-L-12;B-L-13;B-L-14;B-L-35;B-L-9,0,,False,measurement input only; not a fault or operational truth label
SRC-0110,lightguard_v0_1/reports/v05/temporal_stability.csv,,missing_current_rows,S2_PROXY_INPUT,True,True,B-L-12;B-L-13;B-L-14;B-L-35;B-L-9,0,,False,measurement input only; not a fault or operational truth label
SRC-0110,lightguard_v0_1/reports/v05/temporal_stability.csv,,interpretation,S1_CANDIDATE,True,True,B-L-12;B-L-13;B-L-14;B-L-35;B-L-9,15,descriptive meter behavior; not a fault rate,False,field evidence requires verified target mapping and record-level review
SRC-0111,lightguard_v0_1/reports/v05_peak_consistency_forensics.csv,,canonical_peak_current_a,S2_PROXY_INPUT,True,True,B-L-13;B-L-14;B-L-35;B-L-9,0,,False,measurement input only; not a fault or operational truth label
SRC-0111,lightguard_v0_1/reports/v05_peak_consistency_forensics.csv,,all_current_missing_rows,S2_PROXY_INPUT,True,True,B-L-13;B-L-14;B-L-35;B-L-9,0,,False,measurement input only; not a fault or operational truth label
SRC-0115,lightguard_v0_1/reports/v06/reproducibility_manifest.json,,$.commands[],U,False,False,,0,,False,keyword evidence lacks time and/or join key
SRC-0118,lightguard_v0_1/reports/v08/reproducibility_manifest.json,,$.files.lightguard_v0_1/reports/v08/v07_failure_matrix.csv,U,False,True,,0,,False,keyword evidence lacks time and/or join key
SRC-0125,lightguard_v0_1/reports/v09/v08_false_positive_inventory.csv,,rated_load_status,U,True,False,,0,,False,keyword evidence lacks time and/or join key
SRC-0127,lightguard_v0_1/reports/v09/v09_actual_ami_regression.csv,,claim_boundary,U,True,False,B-L-13;B-L-14;B-L-35;B-L-9,6,technical_replay_not_fault_truth,False,keyword evidence lacks time and/or join key
SRC-0130,lightguard_v0_1/reports/v09/v09_episode_effects.csv,,claim_boundary,U,True,False,,188,controlled generated episode-separated holdout only; not field ami accuracy or fault truth.,False,keyword evidence lacks time and/or join key
SRC-0131,lightguard_v0_1/reports/v09/v09_hard_negative_results.csv,,claim_boundary,U,True,False,,48,controlled generated episode-separated holdout only; not field ami accuracy or fault truth.,False,keyword evidence lacks time and/or join key
SRC-0132,lightguard_v0_1/reports/v09/v09_missing_feature_results.csv,,claim_boundary,U,False,False,,16,controlled generated episode-separated holdout only; not field ami accuracy or fault truth.,False,keyword evidence lacks time and/or join key
SRC-0133,lightguard_v0_1/reports/v09/v09_solar_boundary_analysis.csv,,claim_boundary,U,False,False,,36,controlled generated episode-separated holdout only; not field ami accuracy or fault truth.,False,keyword evidence lacks time and/or join key
SRC-0134,lightguard_v0_1/reports/v10/reproducibility_manifest.json,,$.commands[],U,False,False,,0,,False,keyword evidence lacks time and/or join key
SRC-0139,lightguard_v0_1/reports/v10/v10_meter_drift.csv,,interpretation,S1_CANDIDATE,True,True,B-L-12;B-L-13;B-L-14;B-L-35;B-L-9,15,descriptive_shadow_behavior_not_fault_rate,False,field evidence requires verified target mapping and record-level review
SRC-0146,official_docs/AMI Data Sample/1-1_총괄 데이터 표_가명화_AMI_★.xlsx,총괄표_게시용,수전전력,S2_PROXY_INPUT,True,False,B-L-12;B-L-13;B-L-14;B-L-35;B-L-9,0,,False,measurement input only; not a fault or operational truth label
SRC-0146,official_docs/AMI Data Sample/1-1_총괄 데이터 표_가명화_AMI_★.xlsx,총괄표_게시용,산업분류,U,True,False,B-L-12;B-L-13;B-L-14;B-L-35;B-L-9,2,25924 절삭 가공 및 유사 처리업 | 37011 하수 처리업,False,keyword evidence lacks time and/or join key
SRC-0147,official_docs/AMI Data Sample/2-1_MDMS자료(AMI 데이터)_A선로_가명화_★.xlsx,A선로 AMI DATA,피상전력량(kVAh),S2_PROXY_INPUT,False,False,,0,,False,measurement input only; not a fault or operational truth label
SRC-0147,official_docs/AMI Data Sample/2-1_MDMS자료(AMI 데이터)_A선로_가명화_★.xlsx,A선로 AMI DATA,유효전력량(kWh),S2_PROXY_INPUT,False,False,,0,,False,measurement input only; not a fault or operational truth label
SRC-0147,official_docs/AMI Data Sample/2-1_MDMS자료(AMI 데이터)_A선로_가명화_★.xlsx,A선로 AMI DATA,지상 무효전력량(Kvarh),S2_PROXY_INPUT,False,False,,0,,False,measurement input only; not a fault or operational truth label
SRC-0147,official_docs/AMI Data Sample/2-1_MDMS자료(AMI 데이터)_A선로_가명화_★.xlsx,A선로 AMI DATA,진상 무효전력량(Kvarh),S2_PROXY_INPUT,False,False,,0,,False,measurement input only; not a fault or operational truth label
SRC-0147,official_docs/AMI Data Sample/2-1_MDMS자료(AMI 데이터)_A선로_가명화_★.xlsx,A선로 AMI DATA,피상전력량(kVAh),S2_PROXY_INPUT,False,False,,0,,False,measurement input only; not a fault or operational truth label
SRC-0147,official_docs/AMI Data Sample/2-1_MDMS자료(AMI 데이터)_A선로_가명화_★.xlsx,A선로 AMI DATA,유효전력량(kWh),S2_PROXY_INPUT,False,False,,0,,False,measurement input only; not a fault or operational truth label
SRC-0147,official_docs/AMI Data Sample/2-1_MDMS자료(AMI 데이터)_A선로_가명화_★.xlsx,A선로 AMI DATA,지상 무효전력량(Kvarh),S2_PROXY_INPUT,False,False,,0,,False,measurement input only; not a fault or operational truth label
SRC-0147,official_docs/AMI Data Sample/2-1_MDMS자료(AMI 데이터)_A선로_가명화_★.xlsx,A선로 AMI DATA,진상 무효전력량(Kvarh),S2_PROXY_INPUT,False,False,,0,,False,measurement input only; not a fault or operational truth label
SRC-0148,official_docs/AMI Data Sample/2-2_MDMS자료(AMI 데이터)_B선로_가명화_★.xlsx,B선로 AMI DATA,피상전력량(kVAh),S2_PROXY_INPUT,False,False,B-L-12;B-L-13;B-L-14;B-L-35;B-L-9,0,,False,measurement input only; not a fault or operational truth label
SRC-0148,official_docs/AMI Data Sample/2-2_MDMS자료(AMI 데이터)_B선로_가명화_★.xlsx,B선로 AMI DATA,유효전력량(kWh),S2_PROXY_INPUT,False,False,B-L-12;B-L-13;B-L-14;B-L-35;B-L-9,0,,False,measurement input only; not a fault or operational truth label
SRC-0148,official_docs/AMI Data Sample/2-2_MDMS자료(AMI 데이터)_B선로_가명화_★.xlsx,B선로 AMI DATA,지상 무효전력량(Kvarh),S2_PROXY_INPUT,False,False,B-L-12;B-L-13;B-L-14;B-L-35;B-L-9,0,,False,measurement input only; not a fault or operational truth label
SRC-0148,official_docs/AMI Data Sample/2-2_MDMS자료(AMI 데이터)_B선로_가명화_★.xlsx,B선로 AMI DATA,진상 무효전력량(Kvarh),S2_PROXY_INPUT,False,False,B-L-12;B-L-13;B-L-14;B-L-35;B-L-9,0,,False,measurement input only; not a fault or operational truth label
SRC-0148,official_docs/AMI Data Sample/2-2_MDMS자료(AMI 데이터)_B선로_가명화_★.xlsx,B선로 AMI DATA,피상전력량(kVAh),S2_PROXY_INPUT,False,False,B-L-12;B-L-13;B-L-14;B-L-35;B-L-9,0,,False,measurement input only; not a fault or operational truth label
SRC-0148,official_docs/AMI Data Sample/2-2_MDMS자료(AMI 데이터)_B선로_가명화_★.xlsx,B선로 AMI DATA,유효전력량(kWh),S2_PROXY_INPUT,False,False,B-L-12;B-L-13;B-L-14;B-L-35;B-L-9,0,,False,measurement input only; not a fault or operational truth label
SRC-0148,official_docs/AMI Data Sample/2-2_MDMS자료(AMI 데이터)_B선로_가명화_★.xlsx,B선로 AMI DATA,지상 무효전력량(Kvarh),S2_PROXY_INPUT,False,False,B-L-12;B-L-13;B-L-14;B-L-35;B-L-9,0,,False,measurement input only; not a fault or operational truth label
SRC-0148,official_docs/AMI Data Sample/2-2_MDMS자료(AMI 데이터)_B선로_가명화_★.xlsx,B선로 AMI DATA,진상 무효전력량(Kvarh),S2_PROXY_INPUT,False,False,B-L-12;B-L-13;B-L-14;B-L-35;B-L-9,0,,False,measurement input only; not a fault or operational truth label
SRC-0149,official_docs/AMI Data Sample/2-3_MDMS자료(AMI 데이터)_C선로_가명화_★.xlsx,C선로 AMI DATA,피상전력량(kVAh),S2_PROXY_INPUT,False,False,,0,,False,measurement input only; not a fault or operational truth label
SRC-0149,official_docs/AMI Data Sample/2-3_MDMS자료(AMI 데이터)_C선로_가명화_★.xlsx,C선로 AMI DATA,유효전력량(kWh),S2_PROXY_INPUT,False,False,,0,,False,measurement input only; not a fault or operational truth label
SRC-0149,official_docs/AMI Data Sample/2-3_MDMS자료(AMI 데이터)_C선로_가명화_★.xlsx,C선로 AMI DATA,지상 무효전력량(Kvarh),S2_PROXY_INPUT,False,False,,0,,False,measurement input only; not a fault or operational truth label
SRC-0149,official_docs/AMI Data Sample/2-3_MDMS자료(AMI 데이터)_C선로_가명화_★.xlsx,C선로 AMI DATA,진상 무효전력량(Kvarh),S2_PROXY_INPUT,False,False,,0,,False,measurement input only; not a fault or operational truth label
SRC-0149,official_docs/AMI Data Sample/2-3_MDMS자료(AMI 데이터)_C선로_가명화_★.xlsx,C선로 AMI DATA,피상전력량(kVAh),S2_PROXY_INPUT,False,False,,0,,False,measurement input only; not a fault or operational truth label
SRC-0149,official_docs/AMI Data Sample/2-3_MDMS자료(AMI 데이터)_C선로_가명화_★.xlsx,C선로 AMI DATA,유효전력량(kWh),S2_PROXY_INPUT,False,False,,0,,False,measurement input only; not a fault or operational truth label
SRC-0149,official_docs/AMI Data Sample/2-3_MDMS자료(AMI 데이터)_C선로_가명화_★.xlsx,C선로 AMI DATA,지상 무효전력량(Kvarh),S2_PROXY_INPUT,False,False,,0,,False,measurement input only; not a fault or operational truth label
SRC-0149,official_docs/AMI Data Sample/2-3_MDMS자료(AMI 데이터)_C선로_가명화_★.xlsx,C선로 AMI DATA,진상 무효전력량(Kvarh),S2_PROXY_INPUT,False,False,,0,,False,measurement input only; not a fault or operational truth label
