architecture,hard_negative_family,cases,abnormal_cases,normal_cases,hard_negative_normal_cases,true_positives,false_positives,hard_negative_false_positives,recall,recall_wilson_95,normal_fpr,normal_fpr_wilson_95,hard_negative_fpr,hard_negative_fpr_wilson_95,average_precision,abstentions,claim_boundary
H1,allowed_partial_operation,24,0,24,24,0,0,0,,,0.00000000,"[0.00000000, 0.13797620]",0.00000000,"[0.00000000, 0.13797620]",,0,Controlled generated episode-separated holdout only; not field AMI accuracy or fault truth.
H1,delayed_control_normal,24,0,24,24,0,0,0,,,0.00000000,"[0.00000000, 0.13797620]",0.00000000,"[0.00000000, 0.13797620]",,0,Controlled generated episode-separated holdout only; not field AMI accuracy or fault truth.
H1,missing_feature_normal,24,0,24,24,0,0,0,,,0.00000000,"[0.00000000, 0.13797620]",0.00000000,"[0.00000000, 0.13797620]",,0,Controlled generated episode-separated holdout only; not field AMI accuracy or fault truth.
H1,near_threshold_load_variation,24,0,24,24,0,0,0,,,0.00000000,"[0.00000000, 0.13797620]",0.00000000,"[0.00000000, 0.13797620]",,0,Controlled generated episode-separated holdout only; not field AMI accuracy or fault truth.
H1,phase_noise_normal,24,0,24,24,0,0,0,,,0.00000000,"[0.00000000, 0.13797620]",0.00000000,"[0.00000000, 0.13797620]",,0,Controlled generated episode-separated holdout only; not field AMI accuracy or fault truth.
H1,short_transient_spike,24,0,24,24,0,0,0,,,0.00000000,"[0.00000000, 0.13797620]",0.00000000,"[0.00000000, 0.13797620]",,0,Controlled generated episode-separated holdout only; not field AMI accuracy or fault truth.
H1,sunrise_boundary_20m,24,0,24,24,0,0,0,,,0.00000000,"[0.00000000, 0.13797620]",0.00000000,"[0.00000000, 0.13797620]",,0,Controlled generated episode-separated holdout only; not field AMI accuracy or fault truth.
H1,sunrise_grace_operation,24,0,24,24,0,0,0,,,0.00000000,"[0.00000000, 0.13797620]",0.00000000,"[0.00000000, 0.13797620]",,0,Controlled generated episode-separated holdout only; not field AMI accuracy or fault truth.
H1,sunset_boundary_20m,24,0,24,24,0,0,0,,,0.00000000,"[0.00000000, 0.13797620]",0.00000000,"[0.00000000, 0.13797620]",,0,Controlled generated episode-separated holdout only; not field AMI accuracy or fault truth.
H1,sunset_grace_operation,24,0,24,24,0,0,0,,,0.00000000,"[0.00000000, 0.13797620]",0.00000000,"[0.00000000, 0.13797620]",,0,Controlled generated episode-separated holdout only; not field AMI accuracy or fault truth.
H1,weather_context_normal,24,0,24,24,0,0,0,,,0.00000000,"[0.00000000, 0.13797620]",0.00000000,"[0.00000000, 0.13797620]",,0,Controlled generated episode-separated holdout only; not field AMI accuracy or fault truth.
H2,allowed_partial_operation,24,0,24,24,0,0,0,,,0.00000000,"[0.00000000, 0.13797620]",0.00000000,"[0.00000000, 0.13797620]",,0,Controlled generated episode-separated holdout only; not field AMI accuracy or fault truth.
H2,delayed_control_normal,24,0,24,24,0,0,0,,,0.00000000,"[0.00000000, 0.13797620]",0.00000000,"[0.00000000, 0.13797620]",,0,Controlled generated episode-separated holdout only; not field AMI accuracy or fault truth.
H2,missing_feature_normal,24,0,24,24,0,0,0,,,0.00000000,"[0.00000000, 0.13797620]",0.00000000,"[0.00000000, 0.13797620]",,24,Controlled generated episode-separated holdout only; not field AMI accuracy or fault truth.
H2,near_threshold_load_variation,24,0,24,24,0,0,0,,,0.00000000,"[0.00000000, 0.13797620]",0.00000000,"[0.00000000, 0.13797620]",,0,Controlled generated episode-separated holdout only; not field AMI accuracy or fault truth.
H2,phase_noise_normal,24,0,24,24,0,0,0,,,0.00000000,"[0.00000000, 0.13797620]",0.00000000,"[0.00000000, 0.13797620]",,0,Controlled generated episode-separated holdout only; not field AMI accuracy or fault truth.
H2,short_transient_spike,24,0,24,24,0,0,0,,,0.00000000,"[0.00000000, 0.13797620]",0.00000000,"[0.00000000, 0.13797620]",,0,Controlled generated episode-separated holdout only; not field AMI accuracy or fault truth.
H2,sunrise_boundary_20m,24,0,24,24,0,0,0,,,0.00000000,"[0.00000000, 0.13797620]",0.00000000,"[0.00000000, 0.13797620]",,0,Controlled generated episode-separated holdout only; not field AMI accuracy or fault truth.
H2,sunrise_grace_operation,24,0,24,24,0,0,0,,,0.00000000,"[0.00000000, 0.13797620]",0.00000000,"[0.00000000, 0.13797620]",,0,Controlled generated episode-separated holdout only; not field AMI accuracy or fault truth.
H2,sunset_boundary_20m,24,0,24,24,0,0,0,,,0.00000000,"[0.00000000, 0.13797620]",0.00000000,"[0.00000000, 0.13797620]",,0,Controlled generated episode-separated holdout only; not field AMI accuracy or fault truth.
H2,sunset_grace_operation,24,0,24,24,0,0,0,,,0.00000000,"[0.00000000, 0.13797620]",0.00000000,"[0.00000000, 0.13797620]",,0,Controlled generated episode-separated holdout only; not field AMI accuracy or fault truth.
H2,weather_context_normal,24,0,24,24,0,0,0,,,0.00000000,"[0.00000000, 0.13797620]",0.00000000,"[0.00000000, 0.13797620]",,0,Controlled generated episode-separated holdout only; not field AMI accuracy or fault truth.
H3,allowed_partial_operation,24,0,24,24,0,0,0,,,0.00000000,"[0.00000000, 0.13797620]",0.00000000,"[0.00000000, 0.13797620]",,0,Controlled generated episode-separated holdout only; not field AMI accuracy or fault truth.
H3,delayed_control_normal,24,0,24,24,0,0,0,,,0.00000000,"[0.00000000, 0.13797620]",0.00000000,"[0.00000000, 0.13797620]",,0,Controlled generated episode-separated holdout only; not field AMI accuracy or fault truth.
H3,missing_feature_normal,24,0,24,24,0,0,0,,,0.00000000,"[0.00000000, 0.13797620]",0.00000000,"[0.00000000, 0.13797620]",,24,Controlled generated episode-separated holdout only; not field AMI accuracy or fault truth.
H3,near_threshold_load_variation,24,0,24,24,0,0,0,,,0.00000000,"[0.00000000, 0.13797620]",0.00000000,"[0.00000000, 0.13797620]",,0,Controlled generated episode-separated holdout only; not field AMI accuracy or fault truth.
H3,phase_noise_normal,24,0,24,24,0,0,0,,,0.00000000,"[0.00000000, 0.13797620]",0.00000000,"[0.00000000, 0.13797620]",,0,Controlled generated episode-separated holdout only; not field AMI accuracy or fault truth.
H3,short_transient_spike,24,0,24,24,0,0,0,,,0.00000000,"[0.00000000, 0.13797620]",0.00000000,"[0.00000000, 0.13797620]",,0,Controlled generated episode-separated holdout only; not field AMI accuracy or fault truth.
H3,sunrise_boundary_20m,24,0,24,24,0,0,0,,,0.00000000,"[0.00000000, 0.13797620]",0.00000000,"[0.00000000, 0.13797620]",,0,Controlled generated episode-separated holdout only; not field AMI accuracy or fault truth.
H3,sunrise_grace_operation,24,0,24,24,0,0,0,,,0.00000000,"[0.00000000, 0.13797620]",0.00000000,"[0.00000000, 0.13797620]",,0,Controlled generated episode-separated holdout only; not field AMI accuracy or fault truth.
H3,sunset_boundary_20m,24,0,24,24,0,0,0,,,0.00000000,"[0.00000000, 0.13797620]",0.00000000,"[0.00000000, 0.13797620]",,0,Controlled generated episode-separated holdout only; not field AMI accuracy or fault truth.
H3,sunset_grace_operation,24,0,24,24,0,0,0,,,0.00000000,"[0.00000000, 0.13797620]",0.00000000,"[0.00000000, 0.13797620]",,0,Controlled generated episode-separated holdout only; not field AMI accuracy or fault truth.
H3,weather_context_normal,24,0,24,24,0,0,0,,,0.00000000,"[0.00000000, 0.13797620]",0.00000000,"[0.00000000, 0.13797620]",,0,Controlled generated episode-separated holdout only; not field AMI accuracy or fault truth.
threshold_only,allowed_partial_operation,24,0,24,24,0,24,24,,,1.00000000,"[0.86202380, 1.00000000]",1.00000000,"[0.86202380, 1.00000000]",,0,Controlled generated episode-separated holdout only; not field AMI accuracy or fault truth.
threshold_only,delayed_control_normal,24,0,24,24,0,24,24,,,1.00000000,"[0.86202380, 1.00000000]",1.00000000,"[0.86202380, 1.00000000]",,0,Controlled generated episode-separated holdout only; not field AMI accuracy or fault truth.
threshold_only,missing_feature_normal,24,0,24,24,0,24,24,,,1.00000000,"[0.86202380, 1.00000000]",1.00000000,"[0.86202380, 1.00000000]",,0,Controlled generated episode-separated holdout only; not field AMI accuracy or fault truth.
threshold_only,near_threshold_load_variation,24,0,24,24,0,24,24,,,1.00000000,"[0.86202380, 1.00000000]",1.00000000,"[0.86202380, 1.00000000]",,0,Controlled generated episode-separated holdout only; not field AMI accuracy or fault truth.
threshold_only,phase_noise_normal,24,0,24,24,0,0,0,,,0.00000000,"[0.00000000, 0.13797620]",0.00000000,"[0.00000000, 0.13797620]",,0,Controlled generated episode-separated holdout only; not field AMI accuracy or fault truth.
threshold_only,short_transient_spike,24,0,24,24,0,0,0,,,0.00000000,"[0.00000000, 0.13797620]",0.00000000,"[0.00000000, 0.13797620]",,0,Controlled generated episode-separated holdout only; not field AMI accuracy or fault truth.
threshold_only,sunrise_boundary_20m,24,0,24,24,0,0,0,,,0.00000000,"[0.00000000, 0.13797620]",0.00000000,"[0.00000000, 0.13797620]",,0,Controlled generated episode-separated holdout only; not field AMI accuracy or fault truth.
threshold_only,sunrise_grace_operation,24,0,24,24,0,0,0,,,0.00000000,"[0.00000000, 0.13797620]",0.00000000,"[0.00000000, 0.13797620]",,0,Controlled generated episode-separated holdout only; not field AMI accuracy or fault truth.
threshold_only,sunset_boundary_20m,24,0,24,24,0,0,0,,,0.00000000,"[0.00000000, 0.13797620]",0.00000000,"[0.00000000, 0.13797620]",,0,Controlled generated episode-separated holdout only; not field AMI accuracy or fault truth.
threshold_only,sunset_grace_operation,24,0,24,24,0,0,0,,,0.00000000,"[0.00000000, 0.13797620]",0.00000000,"[0.00000000, 0.13797620]",,0,Controlled generated episode-separated holdout only; not field AMI accuracy or fault truth.
threshold_only,weather_context_normal,24,0,24,24,0,0,0,,,0.00000000,"[0.00000000, 0.13797620]",0.00000000,"[0.00000000, 0.13797620]",,0,Controlled generated episode-separated holdout only; not field AMI accuracy or fault truth.
H1,overall,264,0,264,264,0,0,0,,,0.00000000,"[0.00000000, 0.01434229]",0.00000000,"[0.00000000, 0.01434229]",,0,Controlled generated episode-separated holdout only; not field AMI accuracy or fault truth.
H2,overall,264,0,264,264,0,0,0,,,0.00000000,"[0.00000000, 0.01434229]",0.00000000,"[0.00000000, 0.01434229]",,24,Controlled generated episode-separated holdout only; not field AMI accuracy or fault truth.
H3,overall,264,0,264,264,0,0,0,,,0.00000000,"[0.00000000, 0.01434229]",0.00000000,"[0.00000000, 0.01434229]",,24,Controlled generated episode-separated holdout only; not field AMI accuracy or fault truth.
threshold_only,overall,264,0,264,264,0,96,96,,,0.36363636,"[0.30794925, 0.42323501]",0.36363636,"[0.30794925, 0.42323501]",,0,Controlled generated episode-separated holdout only; not field AMI accuracy or fault truth.
