effect_family,architecture,effect_level,cases,abnormal_cases,normal_cases,hard_negative_normal_cases,true_positives,false_positives,hard_negative_false_positives,recall,recall_wilson_95,normal_fpr,normal_fpr_wilson_95,hard_negative_fpr,hard_negative_fpr_wilson_95,average_precision,abstentions,claim_boundary
region,H1,chungju,192,96,96,88,88,0,0,0.91666667,"[0.84410097, 0.95716938]",0.00000000,"[0.00000000, 0.03847559]",0.00000000,"[0.00000000, 0.04182707]",1.00000000,0,Controlled generated episode-separated holdout only; not field AMI accuracy or fault truth.
region,H1,gangneung,192,96,96,88,88,0,0,0.91666667,"[0.84410097, 0.95716938]",0.00000000,"[0.00000000, 0.03847559]",0.00000000,"[0.00000000, 0.04182707]",1.00000000,0,Controlled generated episode-separated holdout only; not field AMI accuracy or fault truth.
region,H1,suyeong,192,96,96,88,88,0,0,0.91666667,"[0.84410097, 0.95716938]",0.00000000,"[0.00000000, 0.03847559]",0.00000000,"[0.00000000, 0.04182707]",1.00000000,0,Controlled generated episode-separated holdout only; not field AMI accuracy or fault truth.
region,H2,chungju,192,96,96,88,88,0,0,0.91666667,"[0.84410097, 0.95716938]",0.00000000,"[0.00000000, 0.03847559]",0.00000000,"[0.00000000, 0.04182707]",1.00000000,8,Controlled generated episode-separated holdout only; not field AMI accuracy or fault truth.
region,H2,gangneung,192,96,96,88,88,0,0,0.91666667,"[0.84410097, 0.95716938]",0.00000000,"[0.00000000, 0.03847559]",0.00000000,"[0.00000000, 0.04182707]",1.00000000,8,Controlled generated episode-separated holdout only; not field AMI accuracy or fault truth.
region,H2,suyeong,192,96,96,88,88,0,0,0.91666667,"[0.84410097, 0.95716938]",0.00000000,"[0.00000000, 0.03847559]",0.00000000,"[0.00000000, 0.04182707]",1.00000000,8,Controlled generated episode-separated holdout only; not field AMI accuracy or fault truth.
region,H3,chungju,192,96,96,88,88,0,0,0.91666667,"[0.84410097, 0.95716938]",0.00000000,"[0.00000000, 0.03847559]",0.00000000,"[0.00000000, 0.04182707]",1.00000000,8,Controlled generated episode-separated holdout only; not field AMI accuracy or fault truth.
region,H3,gangneung,192,96,96,88,88,0,0,0.91666667,"[0.84410097, 0.95716938]",0.00000000,"[0.00000000, 0.03847559]",0.00000000,"[0.00000000, 0.04182707]",1.00000000,8,Controlled generated episode-separated holdout only; not field AMI accuracy or fault truth.
region,H3,suyeong,192,96,96,88,88,0,0,0.91666667,"[0.84410097, 0.95716938]",0.00000000,"[0.00000000, 0.03847559]",0.00000000,"[0.00000000, 0.04182707]",1.00000000,8,Controlled generated episode-separated holdout only; not field AMI accuracy or fault truth.
region,threshold_only,chungju,192,96,96,88,96,32,32,1.00000000,"[0.96152441, 1.00000000]",0.33333333,"[0.24705692, 0.43243494]",0.36363636,"[0.27079300, 0.46788711]",0.99336305,0,Controlled generated episode-separated holdout only; not field AMI accuracy or fault truth.
region,threshold_only,gangneung,192,96,96,88,96,32,32,1.00000000,"[0.96152441, 1.00000000]",0.33333333,"[0.24705692, 0.43243494]",0.36363636,"[0.27079300, 0.46788711]",0.99336305,0,Controlled generated episode-separated holdout only; not field AMI accuracy or fault truth.
region,threshold_only,suyeong,192,96,96,88,96,32,32,1.00000000,"[0.96152441, 1.00000000]",0.33333333,"[0.24705692, 0.43243494]",0.36363636,"[0.27079300, 0.46788711]",0.99336305,0,Controlled generated episode-separated holdout only; not field AMI accuracy or fault truth.
season,H1,autumn,144,72,72,66,66,0,0,0.91666667,"[0.82987645, 0.96124758]",0.00000000,"[0.00000000, 0.05065117]",0.00000000,"[0.00000000, 0.05500256]",1.00000000,0,Controlled generated episode-separated holdout only; not field AMI accuracy or fault truth.
season,H1,spring,144,72,72,66,66,0,0,0.91666667,"[0.82987645, 0.96124758]",0.00000000,"[0.00000000, 0.05065117]",0.00000000,"[0.00000000, 0.05500256]",1.00000000,0,Controlled generated episode-separated holdout only; not field AMI accuracy or fault truth.
season,H1,summer,144,72,72,66,66,0,0,0.91666667,"[0.82987645, 0.96124758]",0.00000000,"[0.00000000, 0.05065117]",0.00000000,"[0.00000000, 0.05500256]",1.00000000,0,Controlled generated episode-separated holdout only; not field AMI accuracy or fault truth.
season,H1,winter,144,72,72,66,66,0,0,0.91666667,"[0.82987645, 0.96124758]",0.00000000,"[0.00000000, 0.05065117]",0.00000000,"[0.00000000, 0.05500256]",1.00000000,0,Controlled generated episode-separated holdout only; not field AMI accuracy or fault truth.
season,H2,autumn,144,72,72,66,66,0,0,0.91666667,"[0.82987645, 0.96124758]",0.00000000,"[0.00000000, 0.05065117]",0.00000000,"[0.00000000, 0.05500256]",1.00000000,6,Controlled generated episode-separated holdout only; not field AMI accuracy or fault truth.
season,H2,spring,144,72,72,66,66,0,0,0.91666667,"[0.82987645, 0.96124758]",0.00000000,"[0.00000000, 0.05065117]",0.00000000,"[0.00000000, 0.05500256]",1.00000000,6,Controlled generated episode-separated holdout only; not field AMI accuracy or fault truth.
season,H2,summer,144,72,72,66,66,0,0,0.91666667,"[0.82987645, 0.96124758]",0.00000000,"[0.00000000, 0.05065117]",0.00000000,"[0.00000000, 0.05500256]",1.00000000,6,Controlled generated episode-separated holdout only; not field AMI accuracy or fault truth.
season,H2,winter,144,72,72,66,66,0,0,0.91666667,"[0.82987645, 0.96124758]",0.00000000,"[0.00000000, 0.05065117]",0.00000000,"[0.00000000, 0.05500256]",1.00000000,6,Controlled generated episode-separated holdout only; not field AMI accuracy or fault truth.
season,H3,autumn,144,72,72,66,66,0,0,0.91666667,"[0.82987645, 0.96124758]",0.00000000,"[0.00000000, 0.05065117]",0.00000000,"[0.00000000, 0.05500256]",1.00000000,6,Controlled generated episode-separated holdout only; not field AMI accuracy or fault truth.
season,H3,spring,144,72,72,66,66,0,0,0.91666667,"[0.82987645, 0.96124758]",0.00000000,"[0.00000000, 0.05065117]",0.00000000,"[0.00000000, 0.05500256]",1.00000000,6,Controlled generated episode-separated holdout only; not field AMI accuracy or fault truth.
season,H3,summer,144,72,72,66,66,0,0,0.91666667,"[0.82987645, 0.96124758]",0.00000000,"[0.00000000, 0.05065117]",0.00000000,"[0.00000000, 0.05500256]",1.00000000,6,Controlled generated episode-separated holdout only; not field AMI accuracy or fault truth.
season,H3,winter,144,72,72,66,66,0,0,0.91666667,"[0.82987645, 0.96124758]",0.00000000,"[0.00000000, 0.05065117]",0.00000000,"[0.00000000, 0.05500256]",1.00000000,6,Controlled generated episode-separated holdout only; not field AMI accuracy or fault truth.
season,threshold_only,autumn,144,72,72,66,72,24,24,1.00000000,"[0.94934883, 1.00000000]",0.33333333,"[0.23534643, 0.44820396]",0.36363636,"[0.25806983, 0.48420359]",0.99337409,0,Controlled generated episode-separated holdout only; not field AMI accuracy or fault truth.
season,threshold_only,spring,144,72,72,66,72,24,24,1.00000000,"[0.94934883, 1.00000000]",0.33333333,"[0.23534643, 0.44820396]",0.36363636,"[0.25806983, 0.48420359]",0.99337409,0,Controlled generated episode-separated holdout only; not field AMI accuracy or fault truth.
season,threshold_only,summer,144,72,72,66,72,24,24,1.00000000,"[0.94934883, 1.00000000]",0.33333333,"[0.23534643, 0.44820396]",0.36363636,"[0.25806983, 0.48420359]",0.99337409,0,Controlled generated episode-separated holdout only; not field AMI accuracy or fault truth.
season,threshold_only,winter,144,72,72,66,72,24,24,1.00000000,"[0.94934883, 1.00000000]",0.33333333,"[0.23534643, 0.44820396]",0.36363636,"[0.25806983, 0.48420359]",0.99337409,0,Controlled generated episode-separated holdout only; not field AMI accuracy or fault truth.
weather_regime,H1,clear,264,132,132,121,121,0,0,0.91666667,"[0.85693548, 0.95283203]",0.00000000,"[0.00000000, 0.02827899]",0.00000000,"[0.00000000, 0.03077070]",1.00000000,0,Controlled generated episode-separated holdout only; not field AMI accuracy or fault truth.
weather_regime,H1,high_cloud,120,60,60,55,55,0,0,0.91666667,"[0.81931058, 0.96387954]",0.00000000,"[0.00000000, 0.06017185]",0.00000000,"[0.00000000, 0.06528490]",1.00000000,0,Controlled generated episode-separated holdout only; not field AMI accuracy or fault truth.
weather_regime,H1,overcast,48,24,24,22,22,0,0,0.91666667,"[0.74151198, 0.97684118]",0.00000000,"[0.00000000, 0.13797620]",0.00000000,"[0.00000000, 0.14865487]",1.00000000,0,Controlled generated episode-separated holdout only; not field AMI accuracy or fault truth.
weather_regime,H1,rainfall,144,72,72,66,66,0,0,0.91666667,"[0.82987645, 0.96124758]",0.00000000,"[0.00000000, 0.05065117]",0.00000000,"[0.00000000, 0.05500256]",1.00000000,0,Controlled generated episode-separated holdout only; not field AMI accuracy or fault truth.
weather_regime,H2,clear,264,132,132,121,121,0,0,0.91666667,"[0.85693548, 0.95283203]",0.00000000,"[0.00000000, 0.02827899]",0.00000000,"[0.00000000, 0.03077070]",1.00000000,11,Controlled generated episode-separated holdout only; not field AMI accuracy or fault truth.
weather_regime,H2,high_cloud,120,60,60,55,55,0,0,0.91666667,"[0.81931058, 0.96387954]",0.00000000,"[0.00000000, 0.06017185]",0.00000000,"[0.00000000, 0.06528490]",1.00000000,5,Controlled generated episode-separated holdout only; not field AMI accuracy or fault truth.
weather_regime,H2,overcast,48,24,24,22,22,0,0,0.91666667,"[0.74151198, 0.97684118]",0.00000000,"[0.00000000, 0.13797620]",0.00000000,"[0.00000000, 0.14865487]",1.00000000,2,Controlled generated episode-separated holdout only; not field AMI accuracy or fault truth.
weather_regime,H2,rainfall,144,72,72,66,66,0,0,0.91666667,"[0.82987645, 0.96124758]",0.00000000,"[0.00000000, 0.05065117]",0.00000000,"[0.00000000, 0.05500256]",1.00000000,6,Controlled generated episode-separated holdout only; not field AMI accuracy or fault truth.
weather_regime,H3,clear,264,132,132,121,121,0,0,0.91666667,"[0.85693548, 0.95283203]",0.00000000,"[0.00000000, 0.02827899]",0.00000000,"[0.00000000, 0.03077070]",1.00000000,11,Controlled generated episode-separated holdout only; not field AMI accuracy or fault truth.
weather_regime,H3,high_cloud,120,60,60,55,55,0,0,0.91666667,"[0.81931058, 0.96387954]",0.00000000,"[0.00000000, 0.06017185]",0.00000000,"[0.00000000, 0.06528490]",1.00000000,5,Controlled generated episode-separated holdout only; not field AMI accuracy or fault truth.
weather_regime,H3,overcast,48,24,24,22,22,0,0,0.91666667,"[0.74151198, 0.97684118]",0.00000000,"[0.00000000, 0.13797620]",0.00000000,"[0.00000000, 0.14865487]",1.00000000,2,Controlled generated episode-separated holdout only; not field AMI accuracy or fault truth.
weather_regime,H3,rainfall,144,72,72,66,66,0,0,0.91666667,"[0.82987645, 0.96124758]",0.00000000,"[0.00000000, 0.05065117]",0.00000000,"[0.00000000, 0.05500256]",1.00000000,6,Controlled generated episode-separated holdout only; not field AMI accuracy or fault truth.
weather_regime,threshold_only,clear,264,132,132,121,132,44,44,1.00000000,"[0.97172101, 1.00000000]",0.33333333,"[0.25863344, 0.41745955]",0.36363636,"[0.28334510, 0.45231964]",0.99335400,0,Controlled generated episode-separated holdout only; not field AMI accuracy or fault truth.
weather_regime,threshold_only,high_cloud,120,60,60,55,60,20,20,1.00000000,"[0.93982815, 1.00000000]",0.33333333,"[0.22729262, 0.45943134]",0.36363636,"[0.24930532, 0.49577239]",0.99338291,0,Controlled generated episode-separated holdout only; not field AMI accuracy or fault truth.
weather_regime,threshold_only,overcast,48,24,24,22,24,8,8,1.00000000,"[0.86202380, 1.00000000]",0.33333333,"[0.17972190, 0.53293683]",0.36363636,"[0.19733205, 0.57048292]",0.99346154,0,Controlled generated episode-separated holdout only; not field AMI accuracy or fault truth.
weather_regime,threshold_only,rainfall,144,72,72,66,72,24,24,1.00000000,"[0.94934883, 1.00000000]",0.33333333,"[0.23534643, 0.44820396]",0.36363636,"[0.25806983, 0.48420359]",0.99337409,0,Controlled generated episode-separated holdout only; not field AMI accuracy or fault truth.
episode,H1,v09-chungju-autumn-2025-10-13,24,12,12,11,11,0,0,0.91666667,"[0.64612009, 0.98513491]",0.00000000,"[0.00000000, 0.24249401]",0.00000000,"[0.00000000, 0.25883297]",1.00000000,0,Controlled generated episode-separated holdout only; not field AMI accuracy or fault truth.
episode,H1,v09-chungju-autumn-2025-10-15,24,12,12,11,11,0,0,0.91666667,"[0.64612009, 0.98513491]",0.00000000,"[0.00000000, 0.24249401]",0.00000000,"[0.00000000, 0.25883297]",1.00000000,0,Controlled generated episode-separated holdout only; not field AMI accuracy or fault truth.
episode,H1,v09-chungju-spring-2025-04-17,24,12,12,11,11,0,0,0.91666667,"[0.64612009, 0.98513491]",0.00000000,"[0.00000000, 0.24249401]",0.00000000,"[0.00000000, 0.25883297]",1.00000000,0,Controlled generated episode-separated holdout only; not field AMI accuracy or fault truth.
episode,H1,v09-chungju-spring-2025-04-18,24,12,12,11,11,0,0,0.91666667,"[0.64612009, 0.98513491]",0.00000000,"[0.00000000, 0.24249401]",0.00000000,"[0.00000000, 0.25883297]",1.00000000,0,Controlled generated episode-separated holdout only; not field AMI accuracy or fault truth.
episode,H1,v09-chungju-summer-2025-07-12,24,12,12,11,11,0,0,0.91666667,"[0.64612009, 0.98513491]",0.00000000,"[0.00000000, 0.24249401]",0.00000000,"[0.00000000, 0.25883297]",1.00000000,0,Controlled generated episode-separated holdout only; not field AMI accuracy or fault truth.
episode,H1,v09-chungju-summer-2025-07-14,24,12,12,11,11,0,0,0.91666667,"[0.64612009, 0.98513491]",0.00000000,"[0.00000000, 0.24249401]",0.00000000,"[0.00000000, 0.25883297]",1.00000000,0,Controlled generated episode-separated holdout only; not field AMI accuracy or fault truth.
episode,H1,v09-chungju-winter-2025-01-15,24,12,12,11,11,0,0,0.91666667,"[0.64612009, 0.98513491]",0.00000000,"[0.00000000, 0.24249401]",0.00000000,"[0.00000000, 0.25883297]",1.00000000,0,Controlled generated episode-separated holdout only; not field AMI accuracy or fault truth.
episode,H1,v09-chungju-winter-2025-01-18,24,12,12,11,11,0,0,0.91666667,"[0.64612009, 0.98513491]",0.00000000,"[0.00000000, 0.24249401]",0.00000000,"[0.00000000, 0.25883297]",1.00000000,0,Controlled generated episode-separated holdout only; not field AMI accuracy or fault truth.
episode,H1,v09-gangneung-autumn-2025-10-13,24,12,12,11,11,0,0,0.91666667,"[0.64612009, 0.98513491]",0.00000000,"[0.00000000, 0.24249401]",0.00000000,"[0.00000000, 0.25883297]",1.00000000,0,Controlled generated episode-separated holdout only; not field AMI accuracy or fault truth.
episode,H1,v09-gangneung-autumn-2025-10-15,24,12,12,11,11,0,0,0.91666667,"[0.64612009, 0.98513491]",0.00000000,"[0.00000000, 0.24249401]",0.00000000,"[0.00000000, 0.25883297]",1.00000000,0,Controlled generated episode-separated holdout only; not field AMI accuracy or fault truth.
episode,H1,v09-gangneung-spring-2025-04-16,24,12,12,11,11,0,0,0.91666667,"[0.64612009, 0.98513491]",0.00000000,"[0.00000000, 0.24249401]",0.00000000,"[0.00000000, 0.25883297]",1.00000000,0,Controlled generated episode-separated holdout only; not field AMI accuracy or fault truth.
episode,H1,v09-gangneung-spring-2025-04-17,24,12,12,11,11,0,0,0.91666667,"[0.64612009, 0.98513491]",0.00000000,"[0.00000000, 0.24249401]",0.00000000,"[0.00000000, 0.25883297]",1.00000000,0,Controlled generated episode-separated holdout only; not field AMI accuracy or fault truth.
episode,H1,v09-gangneung-summer-2025-07-12,24,12,12,11,11,0,0,0.91666667,"[0.64612009, 0.98513491]",0.00000000,"[0.00000000, 0.24249401]",0.00000000,"[0.00000000, 0.25883297]",1.00000000,0,Controlled generated episode-separated holdout only; not field AMI accuracy or fault truth.
episode,H1,v09-gangneung-summer-2025-07-18,24,12,12,11,11,0,0,0.91666667,"[0.64612009, 0.98513491]",0.00000000,"[0.00000000, 0.24249401]",0.00000000,"[0.00000000, 0.25883297]",1.00000000,0,Controlled generated episode-separated holdout only; not field AMI accuracy or fault truth.
episode,H1,v09-gangneung-winter-2025-01-15,24,12,12,11,11,0,0,0.91666667,"[0.64612009, 0.98513491]",0.00000000,"[0.00000000, 0.24249401]",0.00000000,"[0.00000000, 0.25883297]",1.00000000,0,Controlled generated episode-separated holdout only; not field AMI accuracy or fault truth.
episode,H1,v09-gangneung-winter-2025-01-18,24,12,12,11,11,0,0,0.91666667,"[0.64612009, 0.98513491]",0.00000000,"[0.00000000, 0.24249401]",0.00000000,"[0.00000000, 0.25883297]",1.00000000,0,Controlled generated episode-separated holdout only; not field AMI accuracy or fault truth.
episode,H1,v09-suyeong-autumn-2025-10-15,24,12,12,11,11,0,0,0.91666667,"[0.64612009, 0.98513491]",0.00000000,"[0.00000000, 0.24249401]",0.00000000,"[0.00000000, 0.25883297]",1.00000000,0,Controlled generated episode-separated holdout only; not field AMI accuracy or fault truth.
episode,H1,v09-suyeong-autumn-2025-10-17,24,12,12,11,11,0,0,0.91666667,"[0.64612009, 0.98513491]",0.00000000,"[0.00000000, 0.24249401]",0.00000000,"[0.00000000, 0.25883297]",1.00000000,0,Controlled generated episode-separated holdout only; not field AMI accuracy or fault truth.
episode,H1,v09-suyeong-spring-2025-04-16,24,12,12,11,11,0,0,0.91666667,"[0.64612009, 0.98513491]",0.00000000,"[0.00000000, 0.24249401]",0.00000000,"[0.00000000, 0.25883297]",1.00000000,0,Controlled generated episode-separated holdout only; not field AMI accuracy or fault truth.
episode,H1,v09-suyeong-spring-2025-04-18,24,12,12,11,11,0,0,0.91666667,"[0.64612009, 0.98513491]",0.00000000,"[0.00000000, 0.24249401]",0.00000000,"[0.00000000, 0.25883297]",1.00000000,0,Controlled generated episode-separated holdout only; not field AMI accuracy or fault truth.
episode,H1,v09-suyeong-summer-2025-07-12,24,12,12,11,11,0,0,0.91666667,"[0.64612009, 0.98513491]",0.00000000,"[0.00000000, 0.24249401]",0.00000000,"[0.00000000, 0.25883297]",1.00000000,0,Controlled generated episode-separated holdout only; not field AMI accuracy or fault truth.
episode,H1,v09-suyeong-summer-2025-07-14,24,12,12,11,11,0,0,0.91666667,"[0.64612009, 0.98513491]",0.00000000,"[0.00000000, 0.24249401]",0.00000000,"[0.00000000, 0.25883297]",1.00000000,0,Controlled generated episode-separated holdout only; not field AMI accuracy or fault truth.
episode,H1,v09-suyeong-winter-2025-01-15,24,12,12,11,11,0,0,0.91666667,"[0.64612009, 0.98513491]",0.00000000,"[0.00000000, 0.24249401]",0.00000000,"[0.00000000, 0.25883297]",1.00000000,0,Controlled generated episode-separated holdout only; not field AMI accuracy or fault truth.
episode,H1,v09-suyeong-winter-2025-01-16,24,12,12,11,11,0,0,0.91666667,"[0.64612009, 0.98513491]",0.00000000,"[0.00000000, 0.24249401]",0.00000000,"[0.00000000, 0.25883297]",1.00000000,0,Controlled generated episode-separated holdout only; not field AMI accuracy or fault truth.
episode,H2,v09-chungju-autumn-2025-10-13,24,12,12,11,11,0,0,0.91666667,"[0.64612009, 0.98513491]",0.00000000,"[0.00000000, 0.24249401]",0.00000000,"[0.00000000, 0.25883297]",1.00000000,1,Controlled generated episode-separated holdout only; not field AMI accuracy or fault truth.
episode,H2,v09-chungju-autumn-2025-10-15,24,12,12,11,11,0,0,0.91666667,"[0.64612009, 0.98513491]",0.00000000,"[0.00000000, 0.24249401]",0.00000000,"[0.00000000, 0.25883297]",1.00000000,1,Controlled generated episode-separated holdout only; not field AMI accuracy or fault truth.
episode,H2,v09-chungju-spring-2025-04-17,24,12,12,11,11,0,0,0.91666667,"[0.64612009, 0.98513491]",0.00000000,"[0.00000000, 0.24249401]",0.00000000,"[0.00000000, 0.25883297]",1.00000000,1,Controlled generated episode-separated holdout only; not field AMI accuracy or fault truth.
episode,H2,v09-chungju-spring-2025-04-18,24,12,12,11,11,0,0,0.91666667,"[0.64612009, 0.98513491]",0.00000000,"[0.00000000, 0.24249401]",0.00000000,"[0.00000000, 0.25883297]",1.00000000,1,Controlled generated episode-separated holdout only; not field AMI accuracy or fault truth.
episode,H2,v09-chungju-summer-2025-07-12,24,12,12,11,11,0,0,0.91666667,"[0.64612009, 0.98513491]",0.00000000,"[0.00000000, 0.24249401]",0.00000000,"[0.00000000, 0.25883297]",1.00000000,1,Controlled generated episode-separated holdout only; not field AMI accuracy or fault truth.
episode,H2,v09-chungju-summer-2025-07-14,24,12,12,11,11,0,0,0.91666667,"[0.64612009, 0.98513491]",0.00000000,"[0.00000000, 0.24249401]",0.00000000,"[0.00000000, 0.25883297]",1.00000000,1,Controlled generated episode-separated holdout only; not field AMI accuracy or fault truth.
episode,H2,v09-chungju-winter-2025-01-15,24,12,12,11,11,0,0,0.91666667,"[0.64612009, 0.98513491]",0.00000000,"[0.00000000, 0.24249401]",0.00000000,"[0.00000000, 0.25883297]",1.00000000,1,Controlled generated episode-separated holdout only; not field AMI accuracy or fault truth.
episode,H2,v09-chungju-winter-2025-01-18,24,12,12,11,11,0,0,0.91666667,"[0.64612009, 0.98513491]",0.00000000,"[0.00000000, 0.24249401]",0.00000000,"[0.00000000, 0.25883297]",1.00000000,1,Controlled generated episode-separated holdout only; not field AMI accuracy or fault truth.
episode,H2,v09-gangneung-autumn-2025-10-13,24,12,12,11,11,0,0,0.91666667,"[0.64612009, 0.98513491]",0.00000000,"[0.00000000, 0.24249401]",0.00000000,"[0.00000000, 0.25883297]",1.00000000,1,Controlled generated episode-separated holdout only; not field AMI accuracy or fault truth.
episode,H2,v09-gangneung-autumn-2025-10-15,24,12,12,11,11,0,0,0.91666667,"[0.64612009, 0.98513491]",0.00000000,"[0.00000000, 0.24249401]",0.00000000,"[0.00000000, 0.25883297]",1.00000000,1,Controlled generated episode-separated holdout only; not field AMI accuracy or fault truth.
episode,H2,v09-gangneung-spring-2025-04-16,24,12,12,11,11,0,0,0.91666667,"[0.64612009, 0.98513491]",0.00000000,"[0.00000000, 0.24249401]",0.00000000,"[0.00000000, 0.25883297]",1.00000000,1,Controlled generated episode-separated holdout only; not field AMI accuracy or fault truth.
episode,H2,v09-gangneung-spring-2025-04-17,24,12,12,11,11,0,0,0.91666667,"[0.64612009, 0.98513491]",0.00000000,"[0.00000000, 0.24249401]",0.00000000,"[0.00000000, 0.25883297]",1.00000000,1,Controlled generated episode-separated holdout only; not field AMI accuracy or fault truth.
episode,H2,v09-gangneung-summer-2025-07-12,24,12,12,11,11,0,0,0.91666667,"[0.64612009, 0.98513491]",0.00000000,"[0.00000000, 0.24249401]",0.00000000,"[0.00000000, 0.25883297]",1.00000000,1,Controlled generated episode-separated holdout only; not field AMI accuracy or fault truth.
episode,H2,v09-gangneung-summer-2025-07-18,24,12,12,11,11,0,0,0.91666667,"[0.64612009, 0.98513491]",0.00000000,"[0.00000000, 0.24249401]",0.00000000,"[0.00000000, 0.25883297]",1.00000000,1,Controlled generated episode-separated holdout only; not field AMI accuracy or fault truth.
episode,H2,v09-gangneung-winter-2025-01-15,24,12,12,11,11,0,0,0.91666667,"[0.64612009, 0.98513491]",0.00000000,"[0.00000000, 0.24249401]",0.00000000,"[0.00000000, 0.25883297]",1.00000000,1,Controlled generated episode-separated holdout only; not field AMI accuracy or fault truth.
episode,H2,v09-gangneung-winter-2025-01-18,24,12,12,11,11,0,0,0.91666667,"[0.64612009, 0.98513491]",0.00000000,"[0.00000000, 0.24249401]",0.00000000,"[0.00000000, 0.25883297]",1.00000000,1,Controlled generated episode-separated holdout only; not field AMI accuracy or fault truth.
episode,H2,v09-suyeong-autumn-2025-10-15,24,12,12,11,11,0,0,0.91666667,"[0.64612009, 0.98513491]",0.00000000,"[0.00000000, 0.24249401]",0.00000000,"[0.00000000, 0.25883297]",1.00000000,1,Controlled generated episode-separated holdout only; not field AMI accuracy or fault truth.
episode,H2,v09-suyeong-autumn-2025-10-17,24,12,12,11,11,0,0,0.91666667,"[0.64612009, 0.98513491]",0.00000000,"[0.00000000, 0.24249401]",0.00000000,"[0.00000000, 0.25883297]",1.00000000,1,Controlled generated episode-separated holdout only; not field AMI accuracy or fault truth.
episode,H2,v09-suyeong-spring-2025-04-16,24,12,12,11,11,0,0,0.91666667,"[0.64612009, 0.98513491]",0.00000000,"[0.00000000, 0.24249401]",0.00000000,"[0.00000000, 0.25883297]",1.00000000,1,Controlled generated episode-separated holdout only; not field AMI accuracy or fault truth.
episode,H2,v09-suyeong-spring-2025-04-18,24,12,12,11,11,0,0,0.91666667,"[0.64612009, 0.98513491]",0.00000000,"[0.00000000, 0.24249401]",0.00000000,"[0.00000000, 0.25883297]",1.00000000,1,Controlled generated episode-separated holdout only; not field AMI accuracy or fault truth.
episode,H2,v09-suyeong-summer-2025-07-12,24,12,12,11,11,0,0,0.91666667,"[0.64612009, 0.98513491]",0.00000000,"[0.00000000, 0.24249401]",0.00000000,"[0.00000000, 0.25883297]",1.00000000,1,Controlled generated episode-separated holdout only; not field AMI accuracy or fault truth.
episode,H2,v09-suyeong-summer-2025-07-14,24,12,12,11,11,0,0,0.91666667,"[0.64612009, 0.98513491]",0.00000000,"[0.00000000, 0.24249401]",0.00000000,"[0.00000000, 0.25883297]",1.00000000,1,Controlled generated episode-separated holdout only; not field AMI accuracy or fault truth.
episode,H2,v09-suyeong-winter-2025-01-15,24,12,12,11,11,0,0,0.91666667,"[0.64612009, 0.98513491]",0.00000000,"[0.00000000, 0.24249401]",0.00000000,"[0.00000000, 0.25883297]",1.00000000,1,Controlled generated episode-separated holdout only; not field AMI accuracy or fault truth.
episode,H2,v09-suyeong-winter-2025-01-16,24,12,12,11,11,0,0,0.91666667,"[0.64612009, 0.98513491]",0.00000000,"[0.00000000, 0.24249401]",0.00000000,"[0.00000000, 0.25883297]",1.00000000,1,Controlled generated episode-separated holdout only; not field AMI accuracy or fault truth.
episode,H3,v09-chungju-autumn-2025-10-13,24,12,12,11,11,0,0,0.91666667,"[0.64612009, 0.98513491]",0.00000000,"[0.00000000, 0.24249401]",0.00000000,"[0.00000000, 0.25883297]",1.00000000,1,Controlled generated episode-separated holdout only; not field AMI accuracy or fault truth.
episode,H3,v09-chungju-autumn-2025-10-15,24,12,12,11,11,0,0,0.91666667,"[0.64612009, 0.98513491]",0.00000000,"[0.00000000, 0.24249401]",0.00000000,"[0.00000000, 0.25883297]",1.00000000,1,Controlled generated episode-separated holdout only; not field AMI accuracy or fault truth.
episode,H3,v09-chungju-spring-2025-04-17,24,12,12,11,11,0,0,0.91666667,"[0.64612009, 0.98513491]",0.00000000,"[0.00000000, 0.24249401]",0.00000000,"[0.00000000, 0.25883297]",1.00000000,1,Controlled generated episode-separated holdout only; not field AMI accuracy or fault truth.
episode,H3,v09-chungju-spring-2025-04-18,24,12,12,11,11,0,0,0.91666667,"[0.64612009, 0.98513491]",0.00000000,"[0.00000000, 0.24249401]",0.00000000,"[0.00000000, 0.25883297]",1.00000000,1,Controlled generated episode-separated holdout only; not field AMI accuracy or fault truth.
episode,H3,v09-chungju-summer-2025-07-12,24,12,12,11,11,0,0,0.91666667,"[0.64612009, 0.98513491]",0.00000000,"[0.00000000, 0.24249401]",0.00000000,"[0.00000000, 0.25883297]",1.00000000,1,Controlled generated episode-separated holdout only; not field AMI accuracy or fault truth.
episode,H3,v09-chungju-summer-2025-07-14,24,12,12,11,11,0,0,0.91666667,"[0.64612009, 0.98513491]",0.00000000,"[0.00000000, 0.24249401]",0.00000000,"[0.00000000, 0.25883297]",1.00000000,1,Controlled generated episode-separated holdout only; not field AMI accuracy or fault truth.
episode,H3,v09-chungju-winter-2025-01-15,24,12,12,11,11,0,0,0.91666667,"[0.64612009, 0.98513491]",0.00000000,"[0.00000000, 0.24249401]",0.00000000,"[0.00000000, 0.25883297]",1.00000000,1,Controlled generated episode-separated holdout only; not field AMI accuracy or fault truth.
episode,H3,v09-chungju-winter-2025-01-18,24,12,12,11,11,0,0,0.91666667,"[0.64612009, 0.98513491]",0.00000000,"[0.00000000, 0.24249401]",0.00000000,"[0.00000000, 0.25883297]",1.00000000,1,Controlled generated episode-separated holdout only; not field AMI accuracy or fault truth.
episode,H3,v09-gangneung-autumn-2025-10-13,24,12,12,11,11,0,0,0.91666667,"[0.64612009, 0.98513491]",0.00000000,"[0.00000000, 0.24249401]",0.00000000,"[0.00000000, 0.25883297]",1.00000000,1,Controlled generated episode-separated holdout only; not field AMI accuracy or fault truth.
episode,H3,v09-gangneung-autumn-2025-10-15,24,12,12,11,11,0,0,0.91666667,"[0.64612009, 0.98513491]",0.00000000,"[0.00000000, 0.24249401]",0.00000000,"[0.00000000, 0.25883297]",1.00000000,1,Controlled generated episode-separated holdout only; not field AMI accuracy or fault truth.
episode,H3,v09-gangneung-spring-2025-04-16,24,12,12,11,11,0,0,0.91666667,"[0.64612009, 0.98513491]",0.00000000,"[0.00000000, 0.24249401]",0.00000000,"[0.00000000, 0.25883297]",1.00000000,1,Controlled generated episode-separated holdout only; not field AMI accuracy or fault truth.
episode,H3,v09-gangneung-spring-2025-04-17,24,12,12,11,11,0,0,0.91666667,"[0.64612009, 0.98513491]",0.00000000,"[0.00000000, 0.24249401]",0.00000000,"[0.00000000, 0.25883297]",1.00000000,1,Controlled generated episode-separated holdout only; not field AMI accuracy or fault truth.
episode,H3,v09-gangneung-summer-2025-07-12,24,12,12,11,11,0,0,0.91666667,"[0.64612009, 0.98513491]",0.00000000,"[0.00000000, 0.24249401]",0.00000000,"[0.00000000, 0.25883297]",1.00000000,1,Controlled generated episode-separated holdout only; not field AMI accuracy or fault truth.
episode,H3,v09-gangneung-summer-2025-07-18,24,12,12,11,11,0,0,0.91666667,"[0.64612009, 0.98513491]",0.00000000,"[0.00000000, 0.24249401]",0.00000000,"[0.00000000, 0.25883297]",1.00000000,1,Controlled generated episode-separated holdout only; not field AMI accuracy or fault truth.
episode,H3,v09-gangneung-winter-2025-01-15,24,12,12,11,11,0,0,0.91666667,"[0.64612009, 0.98513491]",0.00000000,"[0.00000000, 0.24249401]",0.00000000,"[0.00000000, 0.25883297]",1.00000000,1,Controlled generated episode-separated holdout only; not field AMI accuracy or fault truth.
episode,H3,v09-gangneung-winter-2025-01-18,24,12,12,11,11,0,0,0.91666667,"[0.64612009, 0.98513491]",0.00000000,"[0.00000000, 0.24249401]",0.00000000,"[0.00000000, 0.25883297]",1.00000000,1,Controlled generated episode-separated holdout only; not field AMI accuracy or fault truth.
episode,H3,v09-suyeong-autumn-2025-10-15,24,12,12,11,11,0,0,0.91666667,"[0.64612009, 0.98513491]",0.00000000,"[0.00000000, 0.24249401]",0.00000000,"[0.00000000, 0.25883297]",1.00000000,1,Controlled generated episode-separated holdout only; not field AMI accuracy or fault truth.
episode,H3,v09-suyeong-autumn-2025-10-17,24,12,12,11,11,0,0,0.91666667,"[0.64612009, 0.98513491]",0.00000000,"[0.00000000, 0.24249401]",0.00000000,"[0.00000000, 0.25883297]",1.00000000,1,Controlled generated episode-separated holdout only; not field AMI accuracy or fault truth.
episode,H3,v09-suyeong-spring-2025-04-16,24,12,12,11,11,0,0,0.91666667,"[0.64612009, 0.98513491]",0.00000000,"[0.00000000, 0.24249401]",0.00000000,"[0.00000000, 0.25883297]",1.00000000,1,Controlled generated episode-separated holdout only; not field AMI accuracy or fault truth.
episode,H3,v09-suyeong-spring-2025-04-18,24,12,12,11,11,0,0,0.91666667,"[0.64612009, 0.98513491]",0.00000000,"[0.00000000, 0.24249401]",0.00000000,"[0.00000000, 0.25883297]",1.00000000,1,Controlled generated episode-separated holdout only; not field AMI accuracy or fault truth.
episode,H3,v09-suyeong-summer-2025-07-12,24,12,12,11,11,0,0,0.91666667,"[0.64612009, 0.98513491]",0.00000000,"[0.00000000, 0.24249401]",0.00000000,"[0.00000000, 0.25883297]",1.00000000,1,Controlled generated episode-separated holdout only; not field AMI accuracy or fault truth.
episode,H3,v09-suyeong-summer-2025-07-14,24,12,12,11,11,0,0,0.91666667,"[0.64612009, 0.98513491]",0.00000000,"[0.00000000, 0.24249401]",0.00000000,"[0.00000000, 0.25883297]",1.00000000,1,Controlled generated episode-separated holdout only; not field AMI accuracy or fault truth.
episode,H3,v09-suyeong-winter-2025-01-15,24,12,12,11,11,0,0,0.91666667,"[0.64612009, 0.98513491]",0.00000000,"[0.00000000, 0.24249401]",0.00000000,"[0.00000000, 0.25883297]",1.00000000,1,Controlled generated episode-separated holdout only; not field AMI accuracy or fault truth.
episode,H3,v09-suyeong-winter-2025-01-16,24,12,12,11,11,0,0,0.91666667,"[0.64612009, 0.98513491]",0.00000000,"[0.00000000, 0.24249401]",0.00000000,"[0.00000000, 0.25883297]",1.00000000,1,Controlled generated episode-separated holdout only; not field AMI accuracy or fault truth.
episode,threshold_only,v09-chungju-autumn-2025-10-13,24,12,12,11,12,4,4,1.00000000,"[0.75750599, 1.00000000]",0.33333333,"[0.13812009, 0.60937791]",0.36363636,"[0.15166471, 0.64619883]",0.99358974,0,Controlled generated episode-separated holdout only; not field AMI accuracy or fault truth.
episode,threshold_only,v09-chungju-autumn-2025-10-15,24,12,12,11,12,4,4,1.00000000,"[0.75750599, 1.00000000]",0.33333333,"[0.13812009, 0.60937791]",0.36363636,"[0.15166471, 0.64619883]",0.99358974,0,Controlled generated episode-separated holdout only; not field AMI accuracy or fault truth.
episode,threshold_only,v09-chungju-spring-2025-04-17,24,12,12,11,12,4,4,1.00000000,"[0.75750599, 1.00000000]",0.33333333,"[0.13812009, 0.60937791]",0.36363636,"[0.15166471, 0.64619883]",0.99358974,0,Controlled generated episode-separated holdout only; not field AMI accuracy or fault truth.
episode,threshold_only,v09-chungju-spring-2025-04-18,24,12,12,11,12,4,4,1.00000000,"[0.75750599, 1.00000000]",0.33333333,"[0.13812009, 0.60937791]",0.36363636,"[0.15166471, 0.64619883]",0.99358974,0,Controlled generated episode-separated holdout only; not field AMI accuracy or fault truth.
episode,threshold_only,v09-chungju-summer-2025-07-12,24,12,12,11,12,4,4,1.00000000,"[0.75750599, 1.00000000]",0.33333333,"[0.13812009, 0.60937791]",0.36363636,"[0.15166471, 0.64619883]",0.99358974,0,Controlled generated episode-separated holdout only; not field AMI accuracy or fault truth.
episode,threshold_only,v09-chungju-summer-2025-07-14,24,12,12,11,12,4,4,1.00000000,"[0.75750599, 1.00000000]",0.33333333,"[0.13812009, 0.60937791]",0.36363636,"[0.15166471, 0.64619883]",0.99358974,0,Controlled generated episode-separated holdout only; not field AMI accuracy or fault truth.
episode,threshold_only,v09-chungju-winter-2025-01-15,24,12,12,11,12,4,4,1.00000000,"[0.75750599, 1.00000000]",0.33333333,"[0.13812009, 0.60937791]",0.36363636,"[0.15166471, 0.64619883]",0.99358974,0,Controlled generated episode-separated holdout only; not field AMI accuracy or fault truth.
episode,threshold_only,v09-chungju-winter-2025-01-18,24,12,12,11,12,4,4,1.00000000,"[0.75750599, 1.00000000]",0.33333333,"[0.13812009, 0.60937791]",0.36363636,"[0.15166471, 0.64619883]",0.99358974,0,Controlled generated episode-separated holdout only; not field AMI accuracy or fault truth.
episode,threshold_only,v09-gangneung-autumn-2025-10-13,24,12,12,11,12,4,4,1.00000000,"[0.75750599, 1.00000000]",0.33333333,"[0.13812009, 0.60937791]",0.36363636,"[0.15166471, 0.64619883]",0.99358974,0,Controlled generated episode-separated holdout only; not field AMI accuracy or fault truth.
episode,threshold_only,v09-gangneung-autumn-2025-10-15,24,12,12,11,12,4,4,1.00000000,"[0.75750599, 1.00000000]",0.33333333,"[0.13812009, 0.60937791]",0.36363636,"[0.15166471, 0.64619883]",0.99358974,0,Controlled generated episode-separated holdout only; not field AMI accuracy or fault truth.
episode,threshold_only,v09-gangneung-spring-2025-04-16,24,12,12,11,12,4,4,1.00000000,"[0.75750599, 1.00000000]",0.33333333,"[0.13812009, 0.60937791]",0.36363636,"[0.15166471, 0.64619883]",0.99358974,0,Controlled generated episode-separated holdout only; not field AMI accuracy or fault truth.
episode,threshold_only,v09-gangneung-spring-2025-04-17,24,12,12,11,12,4,4,1.00000000,"[0.75750599, 1.00000000]",0.33333333,"[0.13812009, 0.60937791]",0.36363636,"[0.15166471, 0.64619883]",0.99358974,0,Controlled generated episode-separated holdout only; not field AMI accuracy or fault truth.
episode,threshold_only,v09-gangneung-summer-2025-07-12,24,12,12,11,12,4,4,1.00000000,"[0.75750599, 1.00000000]",0.33333333,"[0.13812009, 0.60937791]",0.36363636,"[0.15166471, 0.64619883]",0.99358974,0,Controlled generated episode-separated holdout only; not field AMI accuracy or fault truth.
episode,threshold_only,v09-gangneung-summer-2025-07-18,24,12,12,11,12,4,4,1.00000000,"[0.75750599, 1.00000000]",0.33333333,"[0.13812009, 0.60937791]",0.36363636,"[0.15166471, 0.64619883]",0.99358974,0,Controlled generated episode-separated holdout only; not field AMI accuracy or fault truth.
episode,threshold_only,v09-gangneung-winter-2025-01-15,24,12,12,11,12,4,4,1.00000000,"[0.75750599, 1.00000000]",0.33333333,"[0.13812009, 0.60937791]",0.36363636,"[0.15166471, 0.64619883]",0.99358974,0,Controlled generated episode-separated holdout only; not field AMI accuracy or fault truth.
episode,threshold_only,v09-gangneung-winter-2025-01-18,24,12,12,11,12,4,4,1.00000000,"[0.75750599, 1.00000000]",0.33333333,"[0.13812009, 0.60937791]",0.36363636,"[0.15166471, 0.64619883]",0.99358974,0,Controlled generated episode-separated holdout only; not field AMI accuracy or fault truth.
episode,threshold_only,v09-suyeong-autumn-2025-10-15,24,12,12,11,12,4,4,1.00000000,"[0.75750599, 1.00000000]",0.33333333,"[0.13812009, 0.60937791]",0.36363636,"[0.15166471, 0.64619883]",0.99358974,0,Controlled generated episode-separated holdout only; not field AMI accuracy or fault truth.
episode,threshold_only,v09-suyeong-autumn-2025-10-17,24,12,12,11,12,4,4,1.00000000,"[0.75750599, 1.00000000]",0.33333333,"[0.13812009, 0.60937791]",0.36363636,"[0.15166471, 0.64619883]",0.99358974,0,Controlled generated episode-separated holdout only; not field AMI accuracy or fault truth.
episode,threshold_only,v09-suyeong-spring-2025-04-16,24,12,12,11,12,4,4,1.00000000,"[0.75750599, 1.00000000]",0.33333333,"[0.13812009, 0.60937791]",0.36363636,"[0.15166471, 0.64619883]",0.99358974,0,Controlled generated episode-separated holdout only; not field AMI accuracy or fault truth.
episode,threshold_only,v09-suyeong-spring-2025-04-18,24,12,12,11,12,4,4,1.00000000,"[0.75750599, 1.00000000]",0.33333333,"[0.13812009, 0.60937791]",0.36363636,"[0.15166471, 0.64619883]",0.99358974,0,Controlled generated episode-separated holdout only; not field AMI accuracy or fault truth.
episode,threshold_only,v09-suyeong-summer-2025-07-12,24,12,12,11,12,4,4,1.00000000,"[0.75750599, 1.00000000]",0.33333333,"[0.13812009, 0.60937791]",0.36363636,"[0.15166471, 0.64619883]",0.99358974,0,Controlled generated episode-separated holdout only; not field AMI accuracy or fault truth.
episode,threshold_only,v09-suyeong-summer-2025-07-14,24,12,12,11,12,4,4,1.00000000,"[0.75750599, 1.00000000]",0.33333333,"[0.13812009, 0.60937791]",0.36363636,"[0.15166471, 0.64619883]",0.99358974,0,Controlled generated episode-separated holdout only; not field AMI accuracy or fault truth.
episode,threshold_only,v09-suyeong-winter-2025-01-15,24,12,12,11,12,4,4,1.00000000,"[0.75750599, 1.00000000]",0.33333333,"[0.13812009, 0.60937791]",0.36363636,"[0.15166471, 0.64619883]",0.99358974,0,Controlled generated episode-separated holdout only; not field AMI accuracy or fault truth.
episode,threshold_only,v09-suyeong-winter-2025-01-16,24,12,12,11,12,4,4,1.00000000,"[0.75750599, 1.00000000]",0.33333333,"[0.13812009, 0.60937791]",0.36363636,"[0.15166471, 0.64619883]",0.99358974,0,Controlled generated episode-separated holdout only; not field AMI accuracy or fault truth.
region_season,H1,chungju:autumn,48,24,24,22,22,0,0,0.91666667,"[0.74151198, 0.97684118]",0.00000000,"[0.00000000, 0.13797620]",0.00000000,"[0.00000000, 0.14865487]",1.00000000,0,Controlled generated episode-separated holdout only; not field AMI accuracy or fault truth.
region_season,H1,chungju:spring,48,24,24,22,22,0,0,0.91666667,"[0.74151198, 0.97684118]",0.00000000,"[0.00000000, 0.13797620]",0.00000000,"[0.00000000, 0.14865487]",1.00000000,0,Controlled generated episode-separated holdout only; not field AMI accuracy or fault truth.
region_season,H1,chungju:summer,48,24,24,22,22,0,0,0.91666667,"[0.74151198, 0.97684118]",0.00000000,"[0.00000000, 0.13797620]",0.00000000,"[0.00000000, 0.14865487]",1.00000000,0,Controlled generated episode-separated holdout only; not field AMI accuracy or fault truth.
region_season,H1,chungju:winter,48,24,24,22,22,0,0,0.91666667,"[0.74151198, 0.97684118]",0.00000000,"[0.00000000, 0.13797620]",0.00000000,"[0.00000000, 0.14865487]",1.00000000,0,Controlled generated episode-separated holdout only; not field AMI accuracy or fault truth.
region_season,H1,gangneung:autumn,48,24,24,22,22,0,0,0.91666667,"[0.74151198, 0.97684118]",0.00000000,"[0.00000000, 0.13797620]",0.00000000,"[0.00000000, 0.14865487]",1.00000000,0,Controlled generated episode-separated holdout only; not field AMI accuracy or fault truth.
region_season,H1,gangneung:spring,48,24,24,22,22,0,0,0.91666667,"[0.74151198, 0.97684118]",0.00000000,"[0.00000000, 0.13797620]",0.00000000,"[0.00000000, 0.14865487]",1.00000000,0,Controlled generated episode-separated holdout only; not field AMI accuracy or fault truth.
region_season,H1,gangneung:summer,48,24,24,22,22,0,0,0.91666667,"[0.74151198, 0.97684118]",0.00000000,"[0.00000000, 0.13797620]",0.00000000,"[0.00000000, 0.14865487]",1.00000000,0,Controlled generated episode-separated holdout only; not field AMI accuracy or fault truth.
region_season,H1,gangneung:winter,48,24,24,22,22,0,0,0.91666667,"[0.74151198, 0.97684118]",0.00000000,"[0.00000000, 0.13797620]",0.00000000,"[0.00000000, 0.14865487]",1.00000000,0,Controlled generated episode-separated holdout only; not field AMI accuracy or fault truth.
region_season,H1,suyeong:autumn,48,24,24,22,22,0,0,0.91666667,"[0.74151198, 0.97684118]",0.00000000,"[0.00000000, 0.13797620]",0.00000000,"[0.00000000, 0.14865487]",1.00000000,0,Controlled generated episode-separated holdout only; not field AMI accuracy or fault truth.
region_season,H1,suyeong:spring,48,24,24,22,22,0,0,0.91666667,"[0.74151198, 0.97684118]",0.00000000,"[0.00000000, 0.13797620]",0.00000000,"[0.00000000, 0.14865487]",1.00000000,0,Controlled generated episode-separated holdout only; not field AMI accuracy or fault truth.
region_season,H1,suyeong:summer,48,24,24,22,22,0,0,0.91666667,"[0.74151198, 0.97684118]",0.00000000,"[0.00000000, 0.13797620]",0.00000000,"[0.00000000, 0.14865487]",1.00000000,0,Controlled generated episode-separated holdout only; not field AMI accuracy or fault truth.
region_season,H1,suyeong:winter,48,24,24,22,22,0,0,0.91666667,"[0.74151198, 0.97684118]",0.00000000,"[0.00000000, 0.13797620]",0.00000000,"[0.00000000, 0.14865487]",1.00000000,0,Controlled generated episode-separated holdout only; not field AMI accuracy or fault truth.
region_season,H2,chungju:autumn,48,24,24,22,22,0,0,0.91666667,"[0.74151198, 0.97684118]",0.00000000,"[0.00000000, 0.13797620]",0.00000000,"[0.00000000, 0.14865487]",1.00000000,2,Controlled generated episode-separated holdout only; not field AMI accuracy or fault truth.
region_season,H2,chungju:spring,48,24,24,22,22,0,0,0.91666667,"[0.74151198, 0.97684118]",0.00000000,"[0.00000000, 0.13797620]",0.00000000,"[0.00000000, 0.14865487]",1.00000000,2,Controlled generated episode-separated holdout only; not field AMI accuracy or fault truth.
region_season,H2,chungju:summer,48,24,24,22,22,0,0,0.91666667,"[0.74151198, 0.97684118]",0.00000000,"[0.00000000, 0.13797620]",0.00000000,"[0.00000000, 0.14865487]",1.00000000,2,Controlled generated episode-separated holdout only; not field AMI accuracy or fault truth.
region_season,H2,chungju:winter,48,24,24,22,22,0,0,0.91666667,"[0.74151198, 0.97684118]",0.00000000,"[0.00000000, 0.13797620]",0.00000000,"[0.00000000, 0.14865487]",1.00000000,2,Controlled generated episode-separated holdout only; not field AMI accuracy or fault truth.
region_season,H2,gangneung:autumn,48,24,24,22,22,0,0,0.91666667,"[0.74151198, 0.97684118]",0.00000000,"[0.00000000, 0.13797620]",0.00000000,"[0.00000000, 0.14865487]",1.00000000,2,Controlled generated episode-separated holdout only; not field AMI accuracy or fault truth.
region_season,H2,gangneung:spring,48,24,24,22,22,0,0,0.91666667,"[0.74151198, 0.97684118]",0.00000000,"[0.00000000, 0.13797620]",0.00000000,"[0.00000000, 0.14865487]",1.00000000,2,Controlled generated episode-separated holdout only; not field AMI accuracy or fault truth.
region_season,H2,gangneung:summer,48,24,24,22,22,0,0,0.91666667,"[0.74151198, 0.97684118]",0.00000000,"[0.00000000, 0.13797620]",0.00000000,"[0.00000000, 0.14865487]",1.00000000,2,Controlled generated episode-separated holdout only; not field AMI accuracy or fault truth.
region_season,H2,gangneung:winter,48,24,24,22,22,0,0,0.91666667,"[0.74151198, 0.97684118]",0.00000000,"[0.00000000, 0.13797620]",0.00000000,"[0.00000000, 0.14865487]",1.00000000,2,Controlled generated episode-separated holdout only; not field AMI accuracy or fault truth.
region_season,H2,suyeong:autumn,48,24,24,22,22,0,0,0.91666667,"[0.74151198, 0.97684118]",0.00000000,"[0.00000000, 0.13797620]",0.00000000,"[0.00000000, 0.14865487]",1.00000000,2,Controlled generated episode-separated holdout only; not field AMI accuracy or fault truth.
region_season,H2,suyeong:spring,48,24,24,22,22,0,0,0.91666667,"[0.74151198, 0.97684118]",0.00000000,"[0.00000000, 0.13797620]",0.00000000,"[0.00000000, 0.14865487]",1.00000000,2,Controlled generated episode-separated holdout only; not field AMI accuracy or fault truth.
region_season,H2,suyeong:summer,48,24,24,22,22,0,0,0.91666667,"[0.74151198, 0.97684118]",0.00000000,"[0.00000000, 0.13797620]",0.00000000,"[0.00000000, 0.14865487]",1.00000000,2,Controlled generated episode-separated holdout only; not field AMI accuracy or fault truth.
region_season,H2,suyeong:winter,48,24,24,22,22,0,0,0.91666667,"[0.74151198, 0.97684118]",0.00000000,"[0.00000000, 0.13797620]",0.00000000,"[0.00000000, 0.14865487]",1.00000000,2,Controlled generated episode-separated holdout only; not field AMI accuracy or fault truth.
region_season,H3,chungju:autumn,48,24,24,22,22,0,0,0.91666667,"[0.74151198, 0.97684118]",0.00000000,"[0.00000000, 0.13797620]",0.00000000,"[0.00000000, 0.14865487]",1.00000000,2,Controlled generated episode-separated holdout only; not field AMI accuracy or fault truth.
region_season,H3,chungju:spring,48,24,24,22,22,0,0,0.91666667,"[0.74151198, 0.97684118]",0.00000000,"[0.00000000, 0.13797620]",0.00000000,"[0.00000000, 0.14865487]",1.00000000,2,Controlled generated episode-separated holdout only; not field AMI accuracy or fault truth.
region_season,H3,chungju:summer,48,24,24,22,22,0,0,0.91666667,"[0.74151198, 0.97684118]",0.00000000,"[0.00000000, 0.13797620]",0.00000000,"[0.00000000, 0.14865487]",1.00000000,2,Controlled generated episode-separated holdout only; not field AMI accuracy or fault truth.
region_season,H3,chungju:winter,48,24,24,22,22,0,0,0.91666667,"[0.74151198, 0.97684118]",0.00000000,"[0.00000000, 0.13797620]",0.00000000,"[0.00000000, 0.14865487]",1.00000000,2,Controlled generated episode-separated holdout only; not field AMI accuracy or fault truth.
region_season,H3,gangneung:autumn,48,24,24,22,22,0,0,0.91666667,"[0.74151198, 0.97684118]",0.00000000,"[0.00000000, 0.13797620]",0.00000000,"[0.00000000, 0.14865487]",1.00000000,2,Controlled generated episode-separated holdout only; not field AMI accuracy or fault truth.
region_season,H3,gangneung:spring,48,24,24,22,22,0,0,0.91666667,"[0.74151198, 0.97684118]",0.00000000,"[0.00000000, 0.13797620]",0.00000000,"[0.00000000, 0.14865487]",1.00000000,2,Controlled generated episode-separated holdout only; not field AMI accuracy or fault truth.
region_season,H3,gangneung:summer,48,24,24,22,22,0,0,0.91666667,"[0.74151198, 0.97684118]",0.00000000,"[0.00000000, 0.13797620]",0.00000000,"[0.00000000, 0.14865487]",1.00000000,2,Controlled generated episode-separated holdout only; not field AMI accuracy or fault truth.
region_season,H3,gangneung:winter,48,24,24,22,22,0,0,0.91666667,"[0.74151198, 0.97684118]",0.00000000,"[0.00000000, 0.13797620]",0.00000000,"[0.00000000, 0.14865487]",1.00000000,2,Controlled generated episode-separated holdout only; not field AMI accuracy or fault truth.
region_season,H3,suyeong:autumn,48,24,24,22,22,0,0,0.91666667,"[0.74151198, 0.97684118]",0.00000000,"[0.00000000, 0.13797620]",0.00000000,"[0.00000000, 0.14865487]",1.00000000,2,Controlled generated episode-separated holdout only; not field AMI accuracy or fault truth.
region_season,H3,suyeong:spring,48,24,24,22,22,0,0,0.91666667,"[0.74151198, 0.97684118]",0.00000000,"[0.00000000, 0.13797620]",0.00000000,"[0.00000000, 0.14865487]",1.00000000,2,Controlled generated episode-separated holdout only; not field AMI accuracy or fault truth.
region_season,H3,suyeong:summer,48,24,24,22,22,0,0,0.91666667,"[0.74151198, 0.97684118]",0.00000000,"[0.00000000, 0.13797620]",0.00000000,"[0.00000000, 0.14865487]",1.00000000,2,Controlled generated episode-separated holdout only; not field AMI accuracy or fault truth.
region_season,H3,suyeong:winter,48,24,24,22,22,0,0,0.91666667,"[0.74151198, 0.97684118]",0.00000000,"[0.00000000, 0.13797620]",0.00000000,"[0.00000000, 0.14865487]",1.00000000,2,Controlled generated episode-separated holdout only; not field AMI accuracy or fault truth.
region_season,threshold_only,chungju:autumn,48,24,24,22,24,8,8,1.00000000,"[0.86202380, 1.00000000]",0.33333333,"[0.17972190, 0.53293683]",0.36363636,"[0.19733205, 0.57048292]",0.99346154,0,Controlled generated episode-separated holdout only; not field AMI accuracy or fault truth.
region_season,threshold_only,chungju:spring,48,24,24,22,24,8,8,1.00000000,"[0.86202380, 1.00000000]",0.33333333,"[0.17972190, 0.53293683]",0.36363636,"[0.19733205, 0.57048292]",0.99346154,0,Controlled generated episode-separated holdout only; not field AMI accuracy or fault truth.
region_season,threshold_only,chungju:summer,48,24,24,22,24,8,8,1.00000000,"[0.86202380, 1.00000000]",0.33333333,"[0.17972190, 0.53293683]",0.36363636,"[0.19733205, 0.57048292]",0.99346154,0,Controlled generated episode-separated holdout only; not field AMI accuracy or fault truth.
region_season,threshold_only,chungju:winter,48,24,24,22,24,8,8,1.00000000,"[0.86202380, 1.00000000]",0.33333333,"[0.17972190, 0.53293683]",0.36363636,"[0.19733205, 0.57048292]",0.99346154,0,Controlled generated episode-separated holdout only; not field AMI accuracy or fault truth.
region_season,threshold_only,gangneung:autumn,48,24,24,22,24,8,8,1.00000000,"[0.86202380, 1.00000000]",0.33333333,"[0.17972190, 0.53293683]",0.36363636,"[0.19733205, 0.57048292]",0.99346154,0,Controlled generated episode-separated holdout only; not field AMI accuracy or fault truth.
region_season,threshold_only,gangneung:spring,48,24,24,22,24,8,8,1.00000000,"[0.86202380, 1.00000000]",0.33333333,"[0.17972190, 0.53293683]",0.36363636,"[0.19733205, 0.57048292]",0.99346154,0,Controlled generated episode-separated holdout only; not field AMI accuracy or fault truth.
region_season,threshold_only,gangneung:summer,48,24,24,22,24,8,8,1.00000000,"[0.86202380, 1.00000000]",0.33333333,"[0.17972190, 0.53293683]",0.36363636,"[0.19733205, 0.57048292]",0.99346154,0,Controlled generated episode-separated holdout only; not field AMI accuracy or fault truth.
region_season,threshold_only,gangneung:winter,48,24,24,22,24,8,8,1.00000000,"[0.86202380, 1.00000000]",0.33333333,"[0.17972190, 0.53293683]",0.36363636,"[0.19733205, 0.57048292]",0.99346154,0,Controlled generated episode-separated holdout only; not field AMI accuracy or fault truth.
region_season,threshold_only,suyeong:autumn,48,24,24,22,24,8,8,1.00000000,"[0.86202380, 1.00000000]",0.33333333,"[0.17972190, 0.53293683]",0.36363636,"[0.19733205, 0.57048292]",0.99346154,0,Controlled generated episode-separated holdout only; not field AMI accuracy or fault truth.
region_season,threshold_only,suyeong:spring,48,24,24,22,24,8,8,1.00000000,"[0.86202380, 1.00000000]",0.33333333,"[0.17972190, 0.53293683]",0.36363636,"[0.19733205, 0.57048292]",0.99346154,0,Controlled generated episode-separated holdout only; not field AMI accuracy or fault truth.
region_season,threshold_only,suyeong:summer,48,24,24,22,24,8,8,1.00000000,"[0.86202380, 1.00000000]",0.33333333,"[0.17972190, 0.53293683]",0.36363636,"[0.19733205, 0.57048292]",0.99346154,0,Controlled generated episode-separated holdout only; not field AMI accuracy or fault truth.
region_season,threshold_only,suyeong:winter,48,24,24,22,24,8,8,1.00000000,"[0.86202380, 1.00000000]",0.33333333,"[0.17972190, 0.53293683]",0.36363636,"[0.19733205, 0.57048292]",0.99346154,0,Controlled generated episode-separated holdout only; not field AMI accuracy or fault truth.
