case_id,score_M2,weather_modifier,score_M3,rank_M2,rank_M3,rank_delta
ANOM-SY-CAB-082c6a7345,0.2,0.0,0.2,40,40,0
ANOM-SY-CAB-0c940c7f31,0.45,0.0,0.45,6,6,0
ANOM-SY-CAB-0ff5c26f27,0.45,0.0,0.45,7,7,0
ANOM-SY-CAB-11a030806b,0.45,0.0,0.45,8,8,0
ANOM-SY-CAB-16bce2a1c0,0.45,0.0,0.45,9,9,0
ANOM-SY-CAB-1cd2be8800,0.2,0.0,0.2,41,41,0
ANOM-SY-CAB-1e5575ef40,0.2,0.0,0.2,42,42,0
ANOM-SY-CAB-245507b8f2,0.2,0.0,0.2,43,43,0
ANOM-SY-CAB-248450b7b0,0.45,0.0,0.45,10,10,0
ANOM-SY-CAB-2665e30f6b,0.2,0.0,0.2,44,44,0
ANOM-SY-CAB-2aa1ae2a5f,0.45,0.0,0.45,11,11,0
ANOM-SY-CAB-37f3f2b32b,0.45,0.0,0.45,12,12,0
ANOM-SY-CAB-3c6861d396,0.2,0.0,0.2,45,45,0
ANOM-SY-CAB-4701a959c6,0.2,0.0,0.2,46,46,0
ANOM-SY-CAB-4b02a9e27b,0.45,0.0,0.45,13,13,0
ANOM-SY-CAB-4dd2e815cc,0.45,0.0,0.45,14,14,0
ANOM-SY-CAB-50177e52f5,0.2,0.0,0.2,47,47,0
ANOM-SY-CAB-502375414c,0.45,0.0,0.45,15,15,0
ANOM-SY-CAB-50da942b62,0.45,0.0,0.45,16,16,0
ANOM-SY-CAB-5643046ecf,0.2,0.0,0.2,48,48,0
ANOM-SY-CAB-5712016b2e,0.2,0.0,0.2,49,49,0
ANOM-SY-CAB-5e5e2e417b,0.45,0.0,0.45,17,17,0
ANOM-SY-CAB-63d66e1877,0.45,0.0,0.45,18,18,0
ANOM-SY-CAB-66c30ac282,0.2,0.0,0.2,50,50,0
ANOM-SY-CAB-6760905c21,0.45,0.0,0.45,19,19,0
ANOM-SY-CAB-69005e730c,0.2,0.0,0.2,51,51,0
ANOM-SY-CAB-6dc9777a03,0.45,0.0,0.45,20,20,0
ANOM-SY-CAB-715b5f5216,0.2,0.0,0.2,52,52,0
ANOM-SY-CAB-7b2542c2bd,0.45,0.0,0.45,21,21,0
ANOM-SY-CAB-8389649fa3,0.45,0.0,0.45,22,22,0
ANOM-SY-CAB-84f0d25e33,0.2,0.0,0.2,53,53,0
ANOM-SY-CAB-987a63343c,0.2,0.0,0.2,54,54,0
ANOM-SY-CAB-9e585a96e3,0.45,0.0,0.45,23,23,0
ANOM-SY-CAB-a0094f6a60,0.45,0.0,0.45,24,24,0
ANOM-SY-CAB-aac150345f,0.45,0.0,0.45,25,25,0
ANOM-SY-CAB-b411ece2df,0.45,0.0,0.45,26,26,0
ANOM-SY-CAB-ba3d522445,0.45,0.0,0.45,27,27,0
ANOM-SY-CAB-bc9ff352d9,0.45,0.0,0.45,28,28,0
ANOM-SY-CAB-cdf9b98e1d,0.45,0.0,0.45,29,29,0
ANOM-SY-CAB-d5d4f36cc5,0.45,0.0,0.45,30,30,0
ANOM-SY-CAB-d6a63b2385,0.2,0.0,0.2,55,55,0
ANOM-SY-CAB-d70c07505f,0.45,0.0,0.45,31,31,0
ANOM-SY-CAB-dd85b9a3b7,0.45,0.0,0.45,32,32,0
ANOM-SY-CAB-e2da04e0e2,0.2,0.0,0.2,56,56,0
ANOM-SY-CAB-fca94bf3bb,0.45,0.0,0.45,33,33,0
ANOM-SY-CAB-ff01b34d1f,0.45,0.0,0.45,34,34,0
CTRL-SY-CAB-004f69e7e4,0.35,0.0,0.35,35,35,0
CTRL-SY-CAB-00bf3193df,0.35,0.0,0.35,36,36,0
CTRL-SY-CAB-02055eedd2,0.35,0.0,0.35,37,37,0
CTRL-SY-CAB-03c2f068aa,0.35,0.0,0.35,38,38,0
CTRL-SY-CAB-03d9d63714,0.35,0.0,0.35,39,39,0
CTRL-SY-CAB-05c162ca05,0.0,0.0,0.0,62,62,0
CTRL-SY-CAB-06b2b5626a,0.0,0.0,0.0,63,63,0
CTRL-SY-CAB-0a08599e9b,0.0,0.0,0.0,64,64,0
CTRL-SY-CAB-0c98179588,0.0,0.0,0.0,65,65,0
CTRL-SY-CAB-0cd2440ab1,0.0,0.0,0.0,66,66,0
CTRL-SY-CAB-0ce29a4daf,0.55,-0.028000000000000004,0.522,1,1,0
CTRL-SY-CAB-0d4d0b1aef,0.55,-0.028000000000000004,0.522,2,2,0
CTRL-SY-CAB-128c928604,0.55,-0.028000000000000004,0.522,3,3,0
CTRL-SY-CAB-13aef7fca2,0.55,-0.028000000000000004,0.522,4,4,0
CTRL-SY-CAB-13ec418774,0.55,-0.028000000000000004,0.522,5,5,0
CTRL-SY-CAB-156f778cd6,0.0,0.0,0.0,67,67,0
CTRL-SY-CAB-1b1dd89333,0.0,0.0,0.0,68,68,0
CTRL-SY-CAB-1c211eb778,0.0,0.0,0.0,69,69,0
CTRL-SY-CAB-1fd5e1ea78,0.0,0.0,0.0,70,70,0
CTRL-SY-CAB-2044ba36d4,0.0,0.0,0.0,71,71,0
CTRL-SY-CAB-22101b6203,0.158333,0.0,0.158333,57,57,0
CTRL-SY-CAB-2293ce0a68,0.158333,0.0,0.158333,58,58,0
CTRL-SY-CAB-22dc9361ed,0.158333,0.0,0.158333,59,59,0
CTRL-SY-CAB-23088c37ed,0.158333,0.0,0.158333,60,60,0
CTRL-SY-CAB-236d0f423d,0.158333,0.0,0.158333,61,61,0
CTRL-SY-CAB-243ae11413,0.0,0.0,0.0,72,72,0
CTRL-SY-CAB-273bc4f898,0.0,0.0,0.0,73,73,0
CTRL-SY-CAB-2b2fc4cd07,0.0,0.0,0.0,74,74,0
CTRL-SY-CAB-2b786604c6,0.0,0.0,0.0,75,75,0
CTRL-SY-CAB-2c47a841fb,0.0,0.0,0.0,76,76,0
CTRL-SY-CAB-2cc33acf1b,0.0,0.0,0.0,77,77,0
CTRL-SY-CAB-2f140c7dee,0.0,0.0,0.0,78,78,0
CTRL-SY-CAB-32e2c6c61f,0.0,0.0,0.0,79,79,0
CTRL-SY-CAB-345b0591ca,0.0,0.0,0.0,80,80,0
CTRL-SY-CAB-3596b767ab,0.0,0.0,0.0,81,81,0
CTRL-SY-CAB-36b981d3dc,0.0,0.0,0.0,82,82,0
CTRL-SY-CAB-385021d05c,0.0,0.0,0.0,83,83,0
CTRL-SY-CAB-389bbb2d5d,0.0,0.0,0.0,84,84,0
CTRL-SY-CAB-3a76040023,0.0,0.0,0.0,85,85,0
CTRL-SY-CAB-3abf274d0a,0.0,0.0,0.0,86,86,0
CTRL-SY-CAB-3ba8bf40cf,0.0,0.0,0.0,87,87,0
CTRL-SY-CAB-3d1f747cee,0.0,0.0,0.0,88,88,0
CTRL-SY-CAB-3d620570ac,0.0,0.0,0.0,89,89,0
CTRL-SY-CAB-3ddbf0de24,0.0,0.0,0.0,90,90,0
CTRL-SY-CAB-3e06f82a0e,0.0,0.0,0.0,91,91,0
CTRL-SY-CAB-3fd618fd12,0.0,0.0,0.0,92,92,0
CTRL-SY-CAB-40be76037a,0.0,0.0,0.0,93,93,0
CTRL-SY-CAB-44591d458f,0.0,0.0,0.0,94,94,0
CTRL-SY-CAB-4621a34bc8,0.0,0.0,0.0,95,95,0
CTRL-SY-CAB-47fff20e2c,0.0,0.0,0.0,96,96,0
CTRL-SY-CAB-4823d13b52,0.0,0.0,0.0,97,97,0
CTRL-SY-CAB-4bde8263ef,0.0,0.0,0.0,98,98,0
CTRL-SY-CAB-4ce73a3391,0.0,0.0,0.0,99,99,0
CTRL-SY-CAB-50c52cc6c9,0.0,0.0,0.0,100,100,0
CTRL-SY-CAB-50e6b35fb5,0.0,0.0,0.0,101,101,0
CTRL-SY-CAB-541d7205dd,0.0,0.0,0.0,102,102,0
CTRL-SY-CAB-55569d0c8e,0.0,0.0,0.0,103,103,0
CTRL-SY-CAB-5602b31a50,0.0,0.0,0.0,104,104,0
CTRL-SY-CAB-565718517b,0.0,0.0,0.0,105,105,0
CTRL-SY-CAB-56c8e0734a,0.0,0.0,0.0,106,106,0
CTRL-SY-CAB-588dd5beeb,0.0,0.0,0.0,107,107,0
CTRL-SY-CAB-5a60f186e7,0.0,0.0,0.0,108,108,0
CTRL-SY-CAB-5b61a70385,0.0,0.0,0.0,109,109,0
CTRL-SY-CAB-5be8a18eed,0.0,0.0,0.0,110,110,0
CTRL-SY-CAB-5e3a21e38c,0.0,0.0,0.0,111,111,0
CTRL-SY-CAB-5e96dcbabb,0.0,0.0,0.0,112,112,0
CTRL-SY-CAB-63d4367c80,0.0,0.0,0.0,113,113,0
CTRL-SY-CAB-646ea30325,0.0,0.0,0.0,114,114,0
CTRL-SY-CAB-6aaa863ac5,0.0,0.0,0.0,115,115,0
CTRL-SY-CAB-7488bdc74f,0.0,0.0,0.0,116,116,0
CTRL-SY-CAB-76d9e09e78,0.0,0.0,0.0,117,117,0
CTRL-SY-CAB-76e690f057,0.0,0.0,0.0,118,118,0
CTRL-SY-CAB-7af43ed641,0.0,0.0,0.0,119,119,0
CTRL-SY-CAB-7fdaaf1c36,0.0,0.0,0.0,120,120,0
CTRL-SY-CAB-85f9d54eaa,0.0,0.0,0.0,121,121,0
CTRL-SY-CAB-89191950ab,0.0,0.0,0.0,122,122,0
CTRL-SY-CAB-8a139c8819,0.0,0.0,0.0,123,123,0
CTRL-SY-CAB-8a36544a30,0.0,0.0,0.0,124,124,0
CTRL-SY-CAB-8beb0740f3,0.0,0.0,0.0,125,125,0
CTRL-SY-CAB-8c32346369,0.0,0.0,0.0,126,126,0
CTRL-SY-CAB-8cf9ec612c,0.0,0.0,0.0,127,127,0
CTRL-SY-CAB-8d99d72371,0.0,0.0,0.0,128,128,0
CTRL-SY-CAB-8e6b212e60,0.0,0.0,0.0,129,129,0
CTRL-SY-CAB-8f5ef9ce69,0.0,0.0,0.0,130,130,0
CTRL-SY-CAB-91a790ee47,0.0,0.0,0.0,131,131,0
CTRL-SY-CAB-92de49aa37,0.0,0.0,0.0,132,132,0
CTRL-SY-CAB-92eb2e5b2c,0.0,0.0,0.0,133,133,0
CTRL-SY-CAB-933e0543f6,0.0,0.0,0.0,134,134,0
CTRL-SY-CAB-937deb1a4d,0.0,0.0,0.0,135,135,0
CTRL-SY-CAB-9475205fe5,0.0,0.0,0.0,136,136,0
CTRL-SY-CAB-963cc46567,0.0,0.0,0.0,137,137,0
CTRL-SY-CAB-966875a63c,0.0,0.0,0.0,138,138,0
CTRL-SY-CAB-9757f5ca46,0.0,0.0,0.0,139,139,0
CTRL-SY-CAB-9a1335b0c3,0.0,0.0,0.0,140,140,0
CTRL-SY-CAB-9a4fcd9616,0.0,0.0,0.0,141,141,0
CTRL-SY-CAB-9b16398af5,0.0,0.0,0.0,142,142,0
CTRL-SY-CAB-9f97df4c82,0.0,0.0,0.0,143,143,0
CTRL-SY-CAB-9fec55c536,0.0,0.0,0.0,144,144,0
CTRL-SY-CAB-a42a4f4e8d,0.0,0.0,0.0,145,145,0
CTRL-SY-CAB-a68df7d176,0.0,0.0,0.0,146,146,0
CTRL-SY-CAB-a715479152,0.0,0.0,0.0,147,147,0
CTRL-SY-CAB-a96e62a3bc,0.0,0.0,0.0,148,148,0
CTRL-SY-CAB-a9d5cc164f,0.0,0.0,0.0,149,149,0
CTRL-SY-CAB-aec1bf9469,0.0,0.0,0.0,150,150,0
CTRL-SY-CAB-aec7dd5eb0,0.0,0.0,0.0,151,151,0
CTRL-SY-CAB-aedca82d53,0.0,0.0,0.0,152,152,0
CTRL-SY-CAB-b1ddd2bdb1,0.0,0.0,0.0,153,153,0
CTRL-SY-CAB-b30f5cbde4,0.0,0.0,0.0,154,154,0
CTRL-SY-CAB-b32bddb84c,0.0,0.0,0.0,155,155,0
CTRL-SY-CAB-b47e8f9727,0.0,0.0,0.0,156,156,0
CTRL-SY-CAB-b67fa2d367,0.0,0.0,0.0,157,157,0
CTRL-SY-CAB-b70f9ee7e7,0.0,0.0,0.0,158,158,0
CTRL-SY-CAB-b7ab059f4f,0.0,0.0,0.0,159,159,0
CTRL-SY-CAB-b7da6f9acf,0.0,0.0,0.0,160,160,0
CTRL-SY-CAB-b86f498cc3,0.0,0.0,0.0,161,161,0
CTRL-SY-CAB-b8be8cec6d,0.0,0.0,0.0,162,162,0
CTRL-SY-CAB-bc70898630,0.0,0.0,0.0,163,163,0
CTRL-SY-CAB-be62abcbf5,0.0,0.0,0.0,164,164,0
CTRL-SY-CAB-bee6a8d850,0.0,0.0,0.0,165,165,0
CTRL-SY-CAB-c181d62281,0.0,0.0,0.0,166,166,0
CTRL-SY-CAB-c3d2aa0721,0.0,0.0,0.0,167,167,0
CTRL-SY-CAB-c4dd5df0e5,0.0,0.0,0.0,168,168,0
CTRL-SY-CAB-c5506ce2f7,0.0,0.0,0.0,169,169,0
CTRL-SY-CAB-c571e98945,0.0,0.0,0.0,170,170,0
CTRL-SY-CAB-c6be2c6456,0.0,0.0,0.0,171,171,0
CTRL-SY-CAB-c8c6110f22,0.0,0.0,0.0,172,172,0
CTRL-SY-CAB-c9a6edb47e,0.0,0.0,0.0,173,173,0
CTRL-SY-CAB-ca98038b60,0.0,0.0,0.0,174,174,0
CTRL-SY-CAB-caf55e3126,0.0,0.0,0.0,175,175,0
CTRL-SY-CAB-cf229f9f07,0.0,0.0,0.0,176,176,0
CTRL-SY-CAB-cfd6ffef71,0.0,0.0,0.0,177,177,0
CTRL-SY-CAB-d1f531bd7e,0.0,0.0,0.0,178,178,0
CTRL-SY-CAB-d24a2598cf,0.0,0.0,0.0,179,179,0
CTRL-SY-CAB-d3316300a8,0.0,0.0,0.0,180,180,0
CTRL-SY-CAB-d39b98ce61,0.0,0.0,0.0,181,181,0
CTRL-SY-CAB-d47a90f94c,0.0,0.0,0.0,182,182,0
CTRL-SY-CAB-d5dc4a7bb3,0.0,0.0,0.0,183,183,0
CTRL-SY-CAB-d6b5d53967,0.0,0.0,0.0,184,184,0
CTRL-SY-CAB-d737cbd16d,0.0,0.0,0.0,185,185,0
CTRL-SY-CAB-e0188b6a4c,0.0,0.0,0.0,186,186,0
CTRL-SY-CAB-e15575ce71,0.0,0.0,0.0,187,187,0
CTRL-SY-CAB-e20a3be758,0.0,0.0,0.0,188,188,0
CTRL-SY-CAB-e263d3fdfa,0.0,0.0,0.0,189,189,0
CTRL-SY-CAB-e427dc3ca2,0.0,0.0,0.0,190,190,0
CTRL-SY-CAB-e583f354ec,0.0,0.0,0.0,191,191,0
CTRL-SY-CAB-e6b12e7489,0.0,0.0,0.0,192,192,0
CTRL-SY-CAB-ea4a11ca87,0.0,0.0,0.0,193,193,0
CTRL-SY-CAB-ef9bc6cf08,0.0,0.0,0.0,194,194,0
CTRL-SY-CAB-f1dba229cb,0.0,0.0,0.0,195,195,0
CTRL-SY-CAB-f29edc0522,0.0,0.0,0.0,196,196,0
CTRL-SY-CAB-f3764d2d5a,0.0,0.0,0.0,197,197,0
CTRL-SY-CAB-f4d9b96a9a,0.0,0.0,0.0,198,198,0
CTRL-SY-CAB-f68f465c9b,0.0,0.0,0.0,199,199,0
CTRL-SY-CAB-f7cde5aa3d,0.0,0.0,0.0,200,200,0
CTRL-SY-CAB-fa5d1e9798,0.0,0.0,0.0,201,201,0
CTRL-SY-CAB-fdda50350c,0.0,0.0,0.0,202,202,0
CTRL-SY-CAB-fe173da917,0.0,0.0,0.0,203,203,0
CTRL-SY-CAB-ff023a997e,0.0,0.0,0.0,204,204,0
