reviewer_id,blind_id,label,confidence,reason,notes
,V12R-001,,,,
,V12R-002,,,,
,V12R-003,,,,
,V12R-004,,,,
,V12R-005,,,,
,V12R-006,,,,
,V12R-007,,,,
,V12R-008,,,,
,V12R-009,,,,
,V12R-010,,,,
,V12R-011,,,,
,V12R-012,,,,
,V12R-013,,,,
,V12R-014,,,,
,V12R-015,,,,
,V12R-016,,,,
,V12R-017,,,,
,V12R-018,,,,
,V12R-019,,,,
,V12R-020,,,,
,V12R-021,,,,
,V12R-022,,,,
,V12R-023,,,,
,V12R-024,,,,
,V12R-025,,,,
,V12R-026,,,,
,V12R-027,,,,
,V12R-028,,,,
,V12R-029,,,,
,V12R-030,,,,
,V12R-031,,,,
,V12R-032,,,,
,V12R-033,,,,
,V12R-034,,,,
,V12R-035,,,,
,V12R-036,,,,
,V12R-037,,,,
,V12R-038,,,,
,V12R-039,,,,
,V12R-040,,,,
,V12R-041,,,,
,V12R-042,,,,
,V12R-043,,,,
,V12R-044,,,,
,V12R-045,,,,
,V12R-046,,,,
,V12R-047,,,,
,V12R-048,,,,
,V12R-049,,,,
,V12R-050,,,,
,V12R-051,,,,
,V12R-052,,,,
,V12R-053,,,,
,V12R-054,,,,
,V12R-055,,,,
,V12R-056,,,,
,V12R-057,,,,
,V12R-058,,,,
,V12R-059,,,,
,V12R-060,,,,
,V12R-061,,,,
,V12R-062,,,,
