dimension,group,count,mean_days,median_days,p75_days,p90_days,p95_days,same_day_rate,within_1d_rate,within_3d_rate,within_7d_rate
overall,ALL,101839,2.6836182601950136,0,1.0,8.0,16.0,0.7230235960683039,0.7791710444917959,0.8253714195936723,0.8922809532693762
receipt_channel,견문정보,61,0.6229508196721312,0,1.0,1.0,3.0,0.7377049180327869,0.9016393442622951,0.9508196721311475,0.9836065573770492
receipt_channel,민원신고,5314,0.3280015054572826,0.0,0.0,1.0,2.0,0.798268724124953,0.9458035378246142,0.9841926985321792,0.9984945427173504
receipt_channel,시정견문,598,0.6889632107023411,0.0,0.0,3.0,5.0,0.7792642140468228,0.8662207357859532,0.9163879598662207,0.9899665551839465
receipt_channel,안전공사,94,1.925531914893617,0.0,4.0,7.0,7.0,0.574468085106383,0.6382978723404256,0.723404255319149,0.9787234042553191
receipt_channel,일상점검,93643,2.70412097006717,0,1.0,8.0,16.0,0.7279561739799024,0.7778691413132856,0.8232542742116336,0.8915989449291458
receipt_channel,직원신고,2129,8.314232033818694,4,15.0,24.0,29.0,0.3085955847815876,0.39877876937529355,0.4974166275246595,0.6232973226867073
district,TEST,15,0,0,0.0,0.0,0.0,1.0,1.0,1.0,1.0
district,기타,395,0.005063291139240506,0,0.0,0.0,0.0,0.9949367088607595,1.0,1.0,1.0
district,남구,4155,3.185800240673887,0,2.0,11.0,19.0,0.6926594464500602,0.7432009626955476,0.787725631768953,0.8608904933814681
district,달서구,18186,4.894974155944133,0.0,5.0,19.0,28.0,0.6489057516771143,0.6937204442978115,0.7303970086880017,0.8014956559991202
district,달성군,17958,2.223799977725805,0.0,0.0,6.0,12.0,0.7961354271076957,0.8359505512863348,0.8711994654193117,0.9192560418754873
district,동구,17635,2.6494471222001703,0,1.0,7.0,15.0,0.7237312163311597,0.7853700028352708,0.8332860788205274,0.9000283527076836
district,북구,16883,1.5333767695314813,0,0.0,5.0,9.0,0.7793638571343956,0.8344488538766807,0.8731268139548658,0.9334241544749156
district,서구,5191,2.3993450202273165,0,1.0,8.0,14.0,0.7339626276247351,0.7927181660566365,0.8287420535542285,0.8969370063571566
district,수성구,16063,2.244972919130922,0,2.0,7.0,13.0,0.651061445558115,0.7389030691651621,0.8189628338417481,0.9107887692211916
district,중구,5358,1.8618887644643525,0.0,0.0,7.0,12.0,0.7575587905935051,0.8029115341545353,0.8493840985442329,0.9109742441209406
year,2020,17762,1.7477761513343093,0.0,2.0,7.0,9.0,0.6734038959576625,0.7496903501857899,0.8186578088053147,0.9240513455691927
year,2021,17592,1.9298544793087766,0.0,1.0,7.0,12.0,0.7148703956343793,0.7878581173260573,0.8408367439745339,0.9129149613460664
year,2022,19129,2.3913952637356894,0,1.0,8.0,15.0,0.7164514611323122,0.7770400961890324,0.8259710387369962,0.8884939097705055
year,2023,18782,3.2612075391332125,0.0,1.0,13.0,21.0,0.7032264934511766,0.7566819295069748,0.8002342668512405,0.8611436481737834
year,2024,18093,3.5629801580721825,0,0.0,12.0,23.0,0.7508428674072846,0.784557563698668,0.8136848504946664,0.86580445476151
year,2025,10481,3.5150271920618263,0,0.0,6.0,20.0,0.8202461597175842,0.8494418471519893,0.8749165155996566,0.9122221162102853
month,2020-01,1425,2.3108771929824563,0,4.0,7.0,9.799999999999955,0.527719298245614,0.6266666666666667,0.7108771929824561,0.9263157894736842
month,2020-02,1572,1.498091603053435,0.0,2.0,5.0,7.0,0.5992366412213741,0.7016539440203562,0.8365139949109415,0.9618320610687023
month,2020-03,1846,1.0265438786565546,0.0,1.0,4.0,6.0,0.7248104008667389,0.8206933911159263,0.8916576381365113,0.9685807150595883
month,2020-04,1548,1.87015503875969,0.0,2.0,7.0,10.0,0.686046511627907,0.7448320413436692,0.7919896640826873,0.9031007751937985
month,2020-05,1600,2.8125,0.0,5.0,9.0,12.0,0.58625,0.62375,0.685625,0.8475
month,2020-06,1616,1.3898514851485149,0.0,1.0,6.0,7.0,0.6800742574257426,0.7611386138613861,0.8323019801980198,0.9548267326732673
month,2020-07,1516,1.9313984168865435,0.0,0.0,7.0,13.25,0.7552770448548812,0.8007915567282322,0.8469656992084432,0.9155672823218998
month,2020-08,1664,1.3227163461538463,0.0,1.0,5.0,9.0,0.7445913461538461,0.7992788461538461,0.8653846153846154,0.9429086538461539
month,2020-09,1498,2.3598130841121496,0.0,1.0,11.0,17.0,0.7249666221628839,0.7930574098798397,0.8237650200267023,0.8624833110814419
month,2020-10,1286,1.3639191290824262,0.0,1.0,5.0,9.0,0.7177293934681181,0.8265940902021773,0.8701399688958009,0.9354587869362364
month,2020-11,1072,1.712686567164179,0.0,1.0,7.0,9.0,0.6847014925373134,0.7546641791044776,0.8255597014925373,0.9160447761194029
month,2020-12,1119,1.4352100089365505,0,2.0,5.2000000000000455,8.0,0.6282394995531725,0.7327971403038427,0.837354781054513,0.9490616621983914
month,2021-01,1204,2.398671096345515,0.0,3.0,7.0,12.849999999999909,0.5647840531561462,0.7018272425249169,0.7674418604651163,0.920265780730897
month,2021-02,1120,1.4035714285714285,0.0,1.0,5.0,8.0,0.65,0.7580357142857143,0.8607142857142858,0.9491071428571428
month,2021-03,1497,1.5123580494321978,0,2.0,5.0,7.0,0.6466265865063461,0.7468269873079493,0.843687374749499,0.9612558450233801
month,2021-04,1708,1.2195550351288056,0.0,0.0,5.0,8.0,0.7546838407494145,0.819672131147541,0.8770491803278688,0.9473067915690867
month,2021-05,1750,1.6462857142857144,0.0,0.0,7.100000000000136,12.0,0.7948571428571428,0.836,0.8651428571428571,0.9
month,2021-06,1550,1.4412903225806453,0.0,1.0,6.0,9.0,0.7406451612903225,0.8129032258064516,0.8561290322580645,0.9341935483870968
month,2021-07,1626,1.8425584255842558,0.0,0.0,7.0,12.0,0.7570725707257072,0.8173431734317343,0.8530135301353013,0.9206642066420664
month,2021-08,1439,2.1917998610145935,0,0.0,7.2000000000000455,16.0,0.7748436414176512,0.8457261987491314,0.8735232800555942,0.8999305072967339
month,2021-09,1374,2.346433770014556,0.0,1.0,8.0,15.0,0.7409024745269287,0.789665211062591,0.8347889374090247,0.8842794759825328
month,2021-10,1299,2.206312548113934,0,1.0,9.0,15.0,0.7351809083910701,0.8029253271747498,0.829869130100077,0.8845265588914549
month,2021-11,1600,2.70875,0.0,1.0,8.0,21.0,0.71125,0.776875,0.83875,0.898125
month,2021-12,1425,2.423859649122807,0,2.0,10.0,12.0,0.6421052631578947,0.7073684210526315,0.7656140350877193,0.8533333333333334
month,2022-01,1409,1.3534421575585522,0,1.0,5.0,8.0,0.723207948899929,0.7955997161107168,0.843860894251242,0.9453513129879347
month,2022-02,1440,1.7958333333333334,0.0,1.0,7.0,10.0,0.6902777777777778,0.7680555555555556,0.8416666666666667,0.9180555555555555
month,2022-03,1511,1.2084712111184646,0,0.0,5.0,8.0,0.8060886829913965,0.8411647915287889,0.8755790866975512,0.9358041032428855
month,2022-04,1584,2.331439393939394,0.0,1.0,10.0,14.0,0.7285353535353535,0.7714646464646465,0.8213383838383839,0.8813131313131313
month,2022-05,1726,2.2334878331402086,0.0,1.0,8.0,13.75,0.7143684820393974,0.7856315179606026,0.8424101969872537,0.8922363847045192
month,2022-06,1552,2.130798969072165,0.0,1.0,7.0,14.0,0.7036082474226805,0.7822164948453608,0.8356958762886598,0.913659793814433
month,2022-07,1533,3.4337899543378994,0,2.0,11.0,18.0,0.6679712981082844,0.7286366601435095,0.776908023483366,0.8571428571428571
month,2022-08,1700,4.534117647058824,0.0,1.0,22.0,29.0,0.7288235294117648,0.7635294117647059,0.7970588235294118,0.8223529411764706
month,2022-09,1671,3.130460801915021,0,2.0,12.0,21.0,0.6912028725314183,0.7348892878515859,0.7785757031717534,0.83901855176541
month,2022-10,1566,1.5772669220945084,0.0,1.0,7.0,11.0,0.7445721583652618,0.8186462324393359,0.851213282247765,0.901021711366539
month,2022-11,1846,2.7351029252437704,0.0,1.0,11.0,20.0,0.6977248104008668,0.7627302275189599,0.8212351029252438,0.866738894907909
month,2022-12,1591,1.7906976744186047,0,1.0,7.0,11.0,0.7058453802639849,0.7800125707102451,0.8346951602765557,0.9107479572595851
month,2023-01,1401,1.833690221270521,0,2.0,7.0,9.0,0.6416845110635261,0.7323340471092077,0.8087080656673804,0.9179157744468237
month,2023-02,1658,1.793124246079614,0.0,2.0,7.0,9.0,0.6881785283474066,0.7358262967430639,0.8190591073582629,0.9306393244873341
month,2023-03,1890,1.705820105820106,0.0,1.0,6.0,13.0,0.7137566137566138,0.7878306878306879,0.8576719576719577,0.9211640211640212
month,2023-04,1567,3.0880663688576897,0,1.0,12.0,20.0,0.7141033822590938,0.7734524569240587,0.8219527760051053,0.8717294192724953
month,2023-05,1538,3.5487646293888164,0.0,2.0,15.0,19.0,0.6853055916775033,0.7483745123537061,0.7769830949284785,0.8140442132639792
month,2023-06,1340,3.3455223880597016,0.0,1.0,14.0,21.0,0.741044776119403,0.7716417910447761,0.814179104477612,0.8470149253731343
month,2023-07,1632,4.142156862745098,0.0,1.0,21.0,29.0,0.7365196078431373,0.7800245098039216,0.8026960784313726,0.8314950980392157
month,2023-08,1647,4.517304189435337,0,1.0,19.0,27.0,0.7225258044930176,0.7547055251973285,0.7710989678202793,0.7941712204007286
month,2023-09,1504,3.7852393617021276,0.0,1.0,17.0,28.0,0.7240691489361702,0.7686170212765957,0.7965425531914894,0.8417553191489362
month,2023-10,1620,4.461728395061728,0.0,2.0,17.0,30.0,0.6753086419753086,0.737037037037037,0.7691358024691358,0.8382716049382716
month,2023-11,1462,4.06703146374829,0.0,2.0,17.0,21.0,0.7038303693570451,0.7359781121751026,0.7783857729138167,0.8461012311901505
month,2023-12,1523,3.045961917268549,0,2.0,10.799999999999955,18.0,0.6887721602101117,0.747209455022981,0.7760998030203545,0.8699934340118188
month,2024-01,1728,3.5104166666666665,0.0,5.0,10.0,15.0,0.6070601851851852,0.6516203703703703,0.7199074074074074,0.8425925925925926
month,2024-02,1215,3.4008230452674897,0,3.0,9.0,14.299999999999955,0.7094650205761317,0.7415637860082305,0.7555555555555555,0.8510288065843621
month,2024-03,1266,2.5916271721958926,0.0,1.0,7.0,13.0,0.7369668246445498,0.778041074249605,0.8309636650868878,0.9139020537124802
month,2024-04,1589,2.923851478917558,0,1.0,11.200000000000045,19.0,0.7400881057268722,0.7734424166142227,0.8225298930144745,0.8672120830711139
month,2024-05,1502,3.087882822902796,0.0,0.0,11.0,23.0,0.7576564580559254,0.7996005326231691,0.8209054593874834,0.8834886817576565
month,2024-06,1246,2.561797752808989,0.0,1.0,10.0,14.0,0.7247191011235955,0.7744783306581059,0.7945425361155698,0.8764044943820225
month,2024-07,1890,3.617989417989418,0.0,0.0,15.0,28.0,0.7862433862433862,0.8275132275132275,0.846031746031746,0.8714285714285714
month,2024-08,1699,4.137728075338434,0,0.0,14.0,31.0,0.8181283107710418,0.8387286639199529,0.8534432018834609,0.8693349028840495
month,2024-09,1486,5.221399730820996,0.0,1.0,24.0,38.0,0.7489905787348586,0.7866756393001346,0.8041722745625841,0.8324360699865411
month,2024-10,1666,4.599639855942377,0.0,0.0,18.0,29.0,0.7641056422569028,0.7797118847539015,0.8091236494597839,0.8475390156062425
month,2024-11,1443,2.9404019404019404,0,0.0,13.0,22.0,0.8108108108108109,0.8309078309078309,0.853083853083853,0.8752598752598753
month,2024-12,1363,3.6515040352164343,0,0.0,13.0,30.799999999999727,0.8011738811445341,0.8305209097578871,0.8473954512105649,0.8694057226705796
month,2025-01,1469,3.597004765146358,0,0.0,11.200000000000045,34.59999999999991,0.7944179714091218,0.8270932607215793,0.8618107556160653,0.8883594281824371
month,2025-02,1536,4.990885416666667,0.0,1.0,13.0,35.25,0.748046875,0.78125,0.80859375,0.8684895833333334
month,2025-03,1422,5.619549929676512,0.0,0.0,6.0,56.0,0.8037974683544303,0.8488045007032349,0.8804500703234881,0.9071729957805907
month,2025-04,1539,4.192982456140351,0,0.0,5.0,26.199999999999818,0.8213125406107862,0.8505523066926576,0.8856400259909032,0.9207277452891488
month,2025-05,1229,3.4629780309194467,0,0.0,6.0,14.0,0.8315703824247356,0.8437754271765663,0.8641171684296176,0.9202603742880391
month,2025-06,1526,2.4023591087811274,0.0,0.0,6.0,15.0,0.8256880733944955,0.8558322411533421,0.8669724770642202,0.9148099606815203
month,2025-07,1374,1.0975254730713246,0.0,0.0,1.0,8.0,0.8799126637554585,0.9068413391557496,0.9308588064046579,0.9475982532751092
month,2025-08,386,0.04404145077720207,0.0,0.0,0.0,0.0,0.9922279792746114,0.9922279792746114,0.9922279792746114,1.0
