model,factor,level,total,anomalies,normals,recall,fpr,abstention_rate,recall_effect_vs_overall,fpr_effect_vs_overall,interpretation
frozen_v04,region,chungju,144,72,72,0.37500000,0.27777778,0.00000000,-0.12962963,-0.03703704,controlled_generated_factor_effect_not_actual_region_effect
frozen_v04,region,gangneung,144,72,72,0.54166667,0.36111111,0.00000000,0.03703704,0.04629630,controlled_generated_factor_effect_not_actual_region_effect
frozen_v04,region,suyeong,144,72,72,0.59722222,0.30555556,0.00000000,0.09259259,-0.00925926,controlled_generated_factor_effect_not_actual_region_effect
frozen_v04,season,autumn,108,54,54,0.48148148,0.31481481,0.00000000,-0.02314815,0.00000000,controlled_generated_factor_effect_not_actual_region_effect
frozen_v04,season,spring,108,54,54,0.48148148,0.31481481,0.00000000,-0.02314815,0.00000000,controlled_generated_factor_effect_not_actual_region_effect
frozen_v04,season,summer,108,54,54,0.51851852,0.31481481,0.00000000,0.01388889,0.00000000,controlled_generated_factor_effect_not_actual_region_effect
frozen_v04,season,winter,108,54,54,0.53703704,0.31481481,0.00000000,0.03240741,0.00000000,controlled_generated_factor_effect_not_actual_region_effect
frozen_v04,region_x_season,chungju:autumn,36,18,18,0.33333333,0.27777778,0.00000000,-0.17129630,-0.03703704,controlled_generated_factor_effect_not_actual_region_effect
frozen_v04,region_x_season,chungju:spring,36,18,18,0.33333333,0.27777778,0.00000000,-0.17129630,-0.03703704,controlled_generated_factor_effect_not_actual_region_effect
frozen_v04,region_x_season,chungju:summer,36,18,18,0.44444444,0.27777778,0.00000000,-0.06018519,-0.03703704,controlled_generated_factor_effect_not_actual_region_effect
frozen_v04,region_x_season,chungju:winter,36,18,18,0.38888889,0.27777778,0.00000000,-0.11574074,-0.03703704,controlled_generated_factor_effect_not_actual_region_effect
frozen_v04,region_x_season,gangneung:autumn,36,18,18,0.44444444,0.38888889,0.00000000,-0.06018519,0.07407407,controlled_generated_factor_effect_not_actual_region_effect
frozen_v04,region_x_season,gangneung:spring,36,18,18,0.50000000,0.33333333,0.00000000,-0.00462963,0.01851852,controlled_generated_factor_effect_not_actual_region_effect
frozen_v04,region_x_season,gangneung:summer,36,18,18,0.66666667,0.33333333,0.00000000,0.16203704,0.01851852,controlled_generated_factor_effect_not_actual_region_effect
frozen_v04,region_x_season,gangneung:winter,36,18,18,0.55555556,0.38888889,0.00000000,0.05092593,0.07407407,controlled_generated_factor_effect_not_actual_region_effect
frozen_v04,region_x_season,suyeong:autumn,36,18,18,0.66666667,0.27777778,0.00000000,0.16203704,-0.03703704,controlled_generated_factor_effect_not_actual_region_effect
frozen_v04,region_x_season,suyeong:spring,36,18,18,0.61111111,0.33333333,0.00000000,0.10648148,0.01851852,controlled_generated_factor_effect_not_actual_region_effect
frozen_v04,region_x_season,suyeong:summer,36,18,18,0.44444444,0.33333333,0.00000000,-0.06018519,0.01851852,controlled_generated_factor_effect_not_actual_region_effect
frozen_v04,region_x_season,suyeong:winter,36,18,18,0.66666667,0.27777778,0.00000000,0.16203704,-0.03703704,controlled_generated_factor_effect_not_actual_region_effect
frozen_v04,feature_availability,complete,67,37,30,0.67567568,0.26666667,0.00000000,0.17104605,-0.04814815,controlled_generated_factor_effect_not_actual_region_effect
frozen_v04,feature_availability,load_phase_unavailable_no_imputation,47,22,25,0.45454545,0.24000000,0.00000000,-0.05008418,-0.07481481,controlled_generated_factor_effect_not_actual_region_effect
frozen_v04,feature_availability,load_unavailable,66,32,34,0.43750000,0.14705882,0.00000000,-0.06712963,-0.16775599,controlled_generated_factor_effect_not_actual_region_effect
frozen_v04,feature_availability,load_unavailable_no_imputation,51,33,18,0.33333333,0.33333333,0.00000000,-0.17129630,0.01851852,controlled_generated_factor_effect_not_actual_region_effect
frozen_v04,feature_availability,load_weather_unavailable_no_imputation,46,17,29,0.35294118,0.27586207,0.00000000,-0.15168845,-0.03895275,controlled_generated_factor_effect_not_actual_region_effect
frozen_v04,feature_availability,phase_unavailable,72,36,36,0.47222222,0.25000000,0.00000000,-0.03240741,-0.06481481,controlled_generated_factor_effect_not_actual_region_effect
frozen_v04,feature_availability,weather_unavailable,83,39,44,0.66666667,0.59090909,0.00000000,0.16203704,0.27609428,controlled_generated_factor_effect_not_actual_region_effect
frozen_v04,scenario_type,allowed_partial_operation,36,0,36,,0.00000000,0.00000000,,-0.31481481,controlled_generated_factor_effect_not_actual_region_effect
frozen_v04,scenario_type,deep_day_full_activation,24,24,0,0.16666667,,0.00000000,-0.33796296,,controlled_generated_factor_effect_not_actual_region_effect
frozen_v04,scenario_type,deep_day_partial_activation,36,36,0,0.50000000,,0.00000000,-0.00462963,,controlled_generated_factor_effect_not_actual_region_effect
frozen_v04,scenario_type,feature_missing_normal,24,0,24,,1.00000000,0.00000000,,0.68518519,controlled_generated_factor_effect_not_actual_region_effect
frozen_v04,scenario_type,high_cloud_or_rainfall_hard_negative,24,0,24,,0.16666667,0.00000000,,-0.14814815,controlled_generated_factor_effect_not_actual_region_effect
frozen_v04,scenario_type,moderate_load_mismatch,24,24,0,0.25000000,,0.00000000,-0.25462963,,controlled_generated_factor_effect_not_actual_region_effect
frozen_v04,scenario_type,normal_full_operation,36,0,36,,1.00000000,0.00000000,,0.68518519,controlled_generated_factor_effect_not_actual_region_effect
frozen_v04,scenario_type,partial_activation_long_persistence,24,24,0,0.50000000,,0.00000000,-0.00462963,,controlled_generated_factor_effect_not_actual_region_effect
frozen_v04,scenario_type,phase_anomaly_moderate_activation,24,24,0,0.70833333,,0.00000000,0.20370370,,controlled_generated_factor_effect_not_actual_region_effect
frozen_v04,scenario_type,phase_selective_activation,24,24,0,0.50000000,,0.00000000,-0.00462963,,controlled_generated_factor_effect_not_actual_region_effect
frozen_v04,scenario_type,post_sunrise_persistent_activation,36,36,0,0.61111111,,0.00000000,0.10648148,,controlled_generated_factor_effect_not_actual_region_effect
frozen_v04,scenario_type,short_transient_spike,36,0,36,,0.00000000,0.00000000,,-0.31481481,controlled_generated_factor_effect_not_actual_region_effect
frozen_v04,scenario_type,temporary_load_fluctuation,24,0,24,,0.00000000,0.00000000,,-0.31481481,controlled_generated_factor_effect_not_actual_region_effect
frozen_v04,scenario_type,twilight_boundary_operation,36,0,36,,0.11111111,0.00000000,,-0.20370370,controlled_generated_factor_effect_not_actual_region_effect
frozen_v04,scenario_type,weak_long_duration_activation,24,24,0,0.75000000,,0.00000000,0.24537037,,controlled_generated_factor_effect_not_actual_region_effect
frozen_v04,severity,moderate,71,71,0,0.50704225,,0.00000000,0.00241262,,controlled_generated_factor_effect_not_actual_region_effect
frozen_v04,severity,none,216,0,216,,0.31481481,0.00000000,,0.00000000,controlled_generated_factor_effect_not_actual_region_effect
frozen_v04,severity,strong,73,73,0,1.00000000,,0.00000000,0.49537037,,controlled_generated_factor_effect_not_actual_region_effect
frozen_v04,severity,weak,72,72,0,0.00000000,,0.00000000,-0.50462963,,controlled_generated_factor_effect_not_actual_region_effect
C1,region,chungju,144,72,72,0.75000000,0.11111111,0.00000000,0.01851852,0.00000000,controlled_generated_factor_effect_not_actual_region_effect
C1,region,gangneung,144,72,72,0.72222222,0.11111111,0.00000000,-0.00925926,0.00000000,controlled_generated_factor_effect_not_actual_region_effect
C1,region,suyeong,144,72,72,0.72222222,0.11111111,0.00000000,-0.00925926,0.00000000,controlled_generated_factor_effect_not_actual_region_effect
C1,season,autumn,108,54,54,0.72222222,0.11111111,0.00000000,-0.00925926,0.00000000,controlled_generated_factor_effect_not_actual_region_effect
C1,season,spring,108,54,54,0.72222222,0.11111111,0.00000000,-0.00925926,0.00000000,controlled_generated_factor_effect_not_actual_region_effect
C1,season,summer,108,54,54,0.74074074,0.11111111,0.00000000,0.00925926,0.00000000,controlled_generated_factor_effect_not_actual_region_effect
C1,season,winter,108,54,54,0.74074074,0.11111111,0.00000000,0.00925926,0.00000000,controlled_generated_factor_effect_not_actual_region_effect
C1,region_x_season,chungju:autumn,36,18,18,0.72222222,0.11111111,0.00000000,-0.00925926,0.00000000,controlled_generated_factor_effect_not_actual_region_effect
C1,region_x_season,chungju:spring,36,18,18,0.72222222,0.11111111,0.00000000,-0.00925926,0.00000000,controlled_generated_factor_effect_not_actual_region_effect
C1,region_x_season,chungju:summer,36,18,18,0.77777778,0.11111111,0.00000000,0.04629630,0.00000000,controlled_generated_factor_effect_not_actual_region_effect
C1,region_x_season,chungju:winter,36,18,18,0.77777778,0.11111111,0.00000000,0.04629630,0.00000000,controlled_generated_factor_effect_not_actual_region_effect
C1,region_x_season,gangneung:autumn,36,18,18,0.72222222,0.11111111,0.00000000,-0.00925926,0.00000000,controlled_generated_factor_effect_not_actual_region_effect
C1,region_x_season,gangneung:spring,36,18,18,0.72222222,0.11111111,0.00000000,-0.00925926,0.00000000,controlled_generated_factor_effect_not_actual_region_effect
C1,region_x_season,gangneung:summer,36,18,18,0.72222222,0.11111111,0.00000000,-0.00925926,0.00000000,controlled_generated_factor_effect_not_actual_region_effect
C1,region_x_season,gangneung:winter,36,18,18,0.72222222,0.11111111,0.00000000,-0.00925926,0.00000000,controlled_generated_factor_effect_not_actual_region_effect
C1,region_x_season,suyeong:autumn,36,18,18,0.72222222,0.11111111,0.00000000,-0.00925926,0.00000000,controlled_generated_factor_effect_not_actual_region_effect
C1,region_x_season,suyeong:spring,36,18,18,0.72222222,0.11111111,0.00000000,-0.00925926,0.00000000,controlled_generated_factor_effect_not_actual_region_effect
C1,region_x_season,suyeong:summer,36,18,18,0.72222222,0.11111111,0.00000000,-0.00925926,0.00000000,controlled_generated_factor_effect_not_actual_region_effect
C1,region_x_season,suyeong:winter,36,18,18,0.72222222,0.11111111,0.00000000,-0.00925926,0.00000000,controlled_generated_factor_effect_not_actual_region_effect
C1,feature_availability,complete,67,37,30,0.70270270,0.10000000,0.00000000,-0.02877878,-0.01111111,controlled_generated_factor_effect_not_actual_region_effect
C1,feature_availability,load_phase_unavailable_no_imputation,47,22,25,0.72727273,0.16000000,0.00000000,-0.00420875,0.04888889,controlled_generated_factor_effect_not_actual_region_effect
C1,feature_availability,load_unavailable,66,32,34,0.75000000,0.11764706,0.00000000,0.01851852,0.00653595,controlled_generated_factor_effect_not_actual_region_effect
C1,feature_availability,load_unavailable_no_imputation,51,33,18,0.75757576,0.11111111,0.00000000,0.02609428,0.00000000,controlled_generated_factor_effect_not_actual_region_effect
C1,feature_availability,load_weather_unavailable_no_imputation,46,17,29,0.76470588,0.06896552,0.00000000,0.03322440,-0.04214559,controlled_generated_factor_effect_not_actual_region_effect
C1,feature_availability,phase_unavailable,72,36,36,0.69444444,0.11111111,0.00000000,-0.03703704,0.00000000,controlled_generated_factor_effect_not_actual_region_effect
C1,feature_availability,weather_unavailable,83,39,44,0.74358974,0.11363636,0.00000000,0.01210826,0.00252525,controlled_generated_factor_effect_not_actual_region_effect
C1,scenario_type,allowed_partial_operation,36,0,36,,0.00000000,0.00000000,,-0.11111111,controlled_generated_factor_effect_not_actual_region_effect
C1,scenario_type,deep_day_full_activation,24,24,0,0.58333333,,0.00000000,-0.14814815,,controlled_generated_factor_effect_not_actual_region_effect
C1,scenario_type,deep_day_partial_activation,36,36,0,0.66666667,,0.00000000,-0.06481481,,controlled_generated_factor_effect_not_actual_region_effect
C1,scenario_type,feature_missing_normal,24,0,24,,0.00000000,0.00000000,,-0.11111111,controlled_generated_factor_effect_not_actual_region_effect
C1,scenario_type,high_cloud_or_rainfall_hard_negative,24,0,24,,1.00000000,0.00000000,,0.88888889,controlled_generated_factor_effect_not_actual_region_effect
C1,scenario_type,moderate_load_mismatch,24,24,0,0.50000000,,0.00000000,-0.23148148,,controlled_generated_factor_effect_not_actual_region_effect
C1,scenario_type,normal_full_operation,36,0,36,,0.00000000,0.00000000,,-0.11111111,controlled_generated_factor_effect_not_actual_region_effect
C1,scenario_type,partial_activation_long_persistence,24,24,0,1.00000000,,0.00000000,0.26851852,,controlled_generated_factor_effect_not_actual_region_effect
C1,scenario_type,phase_anomaly_moderate_activation,24,24,0,1.00000000,,0.00000000,0.26851852,,controlled_generated_factor_effect_not_actual_region_effect
C1,scenario_type,phase_selective_activation,24,24,0,0.50000000,,0.00000000,-0.23148148,,controlled_generated_factor_effect_not_actual_region_effect
C1,scenario_type,post_sunrise_persistent_activation,36,36,0,0.66666667,,0.00000000,-0.06481481,,controlled_generated_factor_effect_not_actual_region_effect
C1,scenario_type,short_transient_spike,36,0,36,,0.00000000,0.00000000,,-0.11111111,controlled_generated_factor_effect_not_actual_region_effect
C1,scenario_type,temporary_load_fluctuation,24,0,24,,0.00000000,0.00000000,,-0.11111111,controlled_generated_factor_effect_not_actual_region_effect
C1,scenario_type,twilight_boundary_operation,36,0,36,,0.00000000,0.00000000,,-0.11111111,controlled_generated_factor_effect_not_actual_region_effect
C1,scenario_type,weak_long_duration_activation,24,24,0,1.00000000,,0.00000000,0.26851852,,controlled_generated_factor_effect_not_actual_region_effect
C1,severity,moderate,71,71,0,1.00000000,,0.00000000,0.26851852,,controlled_generated_factor_effect_not_actual_region_effect
C1,severity,none,216,0,216,,0.11111111,0.00000000,,0.00000000,controlled_generated_factor_effect_not_actual_region_effect
C1,severity,strong,73,73,0,1.00000000,,0.00000000,0.26851852,,controlled_generated_factor_effect_not_actual_region_effect
C1,severity,weak,72,72,0,0.19444444,,0.00000000,-0.53703704,,controlled_generated_factor_effect_not_actual_region_effect
C2,region,chungju,144,72,72,0.75000000,0.11111111,0.00000000,0.01851852,0.00000000,controlled_generated_factor_effect_not_actual_region_effect
C2,region,gangneung,144,72,72,0.72222222,0.11111111,0.02777778,-0.00925926,0.00000000,controlled_generated_factor_effect_not_actual_region_effect
C2,region,suyeong,144,72,72,0.72222222,0.11111111,0.01388889,-0.00925926,0.00000000,controlled_generated_factor_effect_not_actual_region_effect
C2,season,autumn,108,54,54,0.72222222,0.11111111,0.01851852,-0.00925926,0.00000000,controlled_generated_factor_effect_not_actual_region_effect
C2,season,spring,108,54,54,0.72222222,0.11111111,0.00925926,-0.00925926,0.00000000,controlled_generated_factor_effect_not_actual_region_effect
C2,season,summer,108,54,54,0.74074074,0.11111111,0.01851852,0.00925926,0.00000000,controlled_generated_factor_effect_not_actual_region_effect
C2,season,winter,108,54,54,0.74074074,0.11111111,0.00925926,0.00925926,0.00000000,controlled_generated_factor_effect_not_actual_region_effect
C2,region_x_season,chungju:autumn,36,18,18,0.72222222,0.11111111,0.00000000,-0.00925926,0.00000000,controlled_generated_factor_effect_not_actual_region_effect
C2,region_x_season,chungju:spring,36,18,18,0.72222222,0.11111111,0.00000000,-0.00925926,0.00000000,controlled_generated_factor_effect_not_actual_region_effect
C2,region_x_season,chungju:summer,36,18,18,0.77777778,0.11111111,0.00000000,0.04629630,0.00000000,controlled_generated_factor_effect_not_actual_region_effect
C2,region_x_season,chungju:winter,36,18,18,0.77777778,0.11111111,0.00000000,0.04629630,0.00000000,controlled_generated_factor_effect_not_actual_region_effect
C2,region_x_season,gangneung:autumn,36,18,18,0.72222222,0.11111111,0.05555556,-0.00925926,0.00000000,controlled_generated_factor_effect_not_actual_region_effect
C2,region_x_season,gangneung:spring,36,18,18,0.72222222,0.11111111,0.02777778,-0.00925926,0.00000000,controlled_generated_factor_effect_not_actual_region_effect
C2,region_x_season,gangneung:summer,36,18,18,0.72222222,0.11111111,0.00000000,-0.00925926,0.00000000,controlled_generated_factor_effect_not_actual_region_effect
C2,region_x_season,gangneung:winter,36,18,18,0.72222222,0.11111111,0.02777778,-0.00925926,0.00000000,controlled_generated_factor_effect_not_actual_region_effect
C2,region_x_season,suyeong:autumn,36,18,18,0.72222222,0.11111111,0.00000000,-0.00925926,0.00000000,controlled_generated_factor_effect_not_actual_region_effect
C2,region_x_season,suyeong:spring,36,18,18,0.72222222,0.11111111,0.00000000,-0.00925926,0.00000000,controlled_generated_factor_effect_not_actual_region_effect
C2,region_x_season,suyeong:summer,36,18,18,0.72222222,0.11111111,0.05555556,-0.00925926,0.00000000,controlled_generated_factor_effect_not_actual_region_effect
C2,region_x_season,suyeong:winter,36,18,18,0.72222222,0.11111111,0.00000000,-0.00925926,0.00000000,controlled_generated_factor_effect_not_actual_region_effect
C2,feature_availability,complete,67,37,30,0.70270270,0.10000000,0.00000000,-0.02877878,-0.01111111,controlled_generated_factor_effect_not_actual_region_effect
C2,feature_availability,load_phase_unavailable_no_imputation,47,22,25,0.72727273,0.16000000,0.00000000,-0.00420875,0.04888889,controlled_generated_factor_effect_not_actual_region_effect
C2,feature_availability,load_unavailable,66,32,34,0.75000000,0.11764706,0.00000000,0.01851852,0.00653595,controlled_generated_factor_effect_not_actual_region_effect
C2,feature_availability,load_unavailable_no_imputation,51,33,18,0.75757576,0.11111111,0.00000000,0.02609428,0.00000000,controlled_generated_factor_effect_not_actual_region_effect
C2,feature_availability,load_weather_unavailable_no_imputation,46,17,29,0.76470588,0.06896552,0.00000000,0.03322440,-0.04214559,controlled_generated_factor_effect_not_actual_region_effect
C2,feature_availability,phase_unavailable,72,36,36,0.69444444,0.11111111,0.08333333,-0.03703704,0.00000000,controlled_generated_factor_effect_not_actual_region_effect
C2,feature_availability,weather_unavailable,83,39,44,0.74358974,0.11363636,0.00000000,0.01210826,0.00252525,controlled_generated_factor_effect_not_actual_region_effect
C2,scenario_type,allowed_partial_operation,36,0,36,,0.00000000,0.00000000,,-0.11111111,controlled_generated_factor_effect_not_actual_region_effect
C2,scenario_type,deep_day_full_activation,24,24,0,0.58333333,,0.00000000,-0.14814815,,controlled_generated_factor_effect_not_actual_region_effect
C2,scenario_type,deep_day_partial_activation,36,36,0,0.66666667,,0.05555556,-0.06481481,,controlled_generated_factor_effect_not_actual_region_effect
C2,scenario_type,feature_missing_normal,24,0,24,,0.00000000,0.00000000,,-0.11111111,controlled_generated_factor_effect_not_actual_region_effect
C2,scenario_type,high_cloud_or_rainfall_hard_negative,24,0,24,,1.00000000,0.00000000,,0.88888889,controlled_generated_factor_effect_not_actual_region_effect
C2,scenario_type,moderate_load_mismatch,24,24,0,0.50000000,,0.00000000,-0.23148148,,controlled_generated_factor_effect_not_actual_region_effect
C2,scenario_type,normal_full_operation,36,0,36,,0.00000000,0.00000000,,-0.11111111,controlled_generated_factor_effect_not_actual_region_effect
C2,scenario_type,partial_activation_long_persistence,24,24,0,1.00000000,,0.00000000,0.26851852,,controlled_generated_factor_effect_not_actual_region_effect
C2,scenario_type,phase_anomaly_moderate_activation,24,24,0,1.00000000,,0.00000000,0.26851852,,controlled_generated_factor_effect_not_actual_region_effect
C2,scenario_type,phase_selective_activation,24,24,0,0.50000000,,0.08333333,-0.23148148,,controlled_generated_factor_effect_not_actual_region_effect
C2,scenario_type,post_sunrise_persistent_activation,36,36,0,0.66666667,,0.05555556,-0.06481481,,controlled_generated_factor_effect_not_actual_region_effect
C2,scenario_type,short_transient_spike,36,0,36,,0.00000000,0.00000000,,-0.11111111,controlled_generated_factor_effect_not_actual_region_effect
C2,scenario_type,temporary_load_fluctuation,24,0,24,,0.00000000,0.00000000,,-0.11111111,controlled_generated_factor_effect_not_actual_region_effect
C2,scenario_type,twilight_boundary_operation,36,0,36,,0.00000000,0.00000000,,-0.11111111,controlled_generated_factor_effect_not_actual_region_effect
C2,scenario_type,weak_long_duration_activation,24,24,0,1.00000000,,0.00000000,0.26851852,,controlled_generated_factor_effect_not_actual_region_effect
C2,severity,moderate,71,71,0,1.00000000,,0.00000000,0.26851852,,controlled_generated_factor_effect_not_actual_region_effect
C2,severity,none,216,0,216,,0.11111111,0.00000000,,0.00000000,controlled_generated_factor_effect_not_actual_region_effect
C2,severity,strong,73,73,0,1.00000000,,0.00000000,0.26851852,,controlled_generated_factor_effect_not_actual_region_effect
C2,severity,weak,72,72,0,0.19444444,,0.08333333,-0.53703704,,controlled_generated_factor_effect_not_actual_region_effect
C3,region,chungju,144,72,72,0.66666667,0.11111111,0.04166667,-0.03240741,0.00925926,controlled_generated_factor_effect_not_actual_region_effect
C3,region,gangneung,144,72,72,0.72222222,0.11111111,0.00000000,0.02314815,0.00925926,controlled_generated_factor_effect_not_actual_region_effect
C3,region,suyeong,144,72,72,0.70833333,0.08333333,0.01388889,0.00925926,-0.01851852,controlled_generated_factor_effect_not_actual_region_effect
C3,season,autumn,108,54,54,0.68518519,0.11111111,0.01851852,-0.01388889,0.00925926,controlled_generated_factor_effect_not_actual_region_effect
C3,season,spring,108,54,54,0.68518519,0.09259259,0.01851852,-0.01388889,-0.00925926,controlled_generated_factor_effect_not_actual_region_effect
C3,season,summer,108,54,54,0.70370370,0.09259259,0.02777778,0.00462963,-0.00925926,controlled_generated_factor_effect_not_actual_region_effect
C3,season,winter,108,54,54,0.72222222,0.11111111,0.00925926,0.02314815,0.00925926,controlled_generated_factor_effect_not_actual_region_effect
C3,region_x_season,chungju:autumn,36,18,18,0.61111111,0.11111111,0.05555556,-0.08796296,0.00925926,controlled_generated_factor_effect_not_actual_region_effect
C3,region_x_season,chungju:spring,36,18,18,0.61111111,0.11111111,0.05555556,-0.08796296,0.00925926,controlled_generated_factor_effect_not_actual_region_effect
C3,region_x_season,chungju:summer,36,18,18,0.72222222,0.11111111,0.02777778,0.02314815,0.00925926,controlled_generated_factor_effect_not_actual_region_effect
C3,region_x_season,chungju:winter,36,18,18,0.72222222,0.11111111,0.02777778,0.02314815,0.00925926,controlled_generated_factor_effect_not_actual_region_effect
C3,region_x_season,gangneung:autumn,36,18,18,0.72222222,0.11111111,0.00000000,0.02314815,0.00925926,controlled_generated_factor_effect_not_actual_region_effect
C3,region_x_season,gangneung:spring,36,18,18,0.72222222,0.11111111,0.00000000,0.02314815,0.00925926,controlled_generated_factor_effect_not_actual_region_effect
C3,region_x_season,gangneung:summer,36,18,18,0.72222222,0.11111111,0.00000000,0.02314815,0.00925926,controlled_generated_factor_effect_not_actual_region_effect
C3,region_x_season,gangneung:winter,36,18,18,0.72222222,0.11111111,0.00000000,0.02314815,0.00925926,controlled_generated_factor_effect_not_actual_region_effect
C3,region_x_season,suyeong:autumn,36,18,18,0.72222222,0.11111111,0.00000000,0.02314815,0.00925926,controlled_generated_factor_effect_not_actual_region_effect
C3,region_x_season,suyeong:spring,36,18,18,0.72222222,0.05555556,0.00000000,0.02314815,-0.04629630,controlled_generated_factor_effect_not_actual_region_effect
C3,region_x_season,suyeong:summer,36,18,18,0.66666667,0.05555556,0.05555556,-0.03240741,-0.04629630,controlled_generated_factor_effect_not_actual_region_effect
C3,region_x_season,suyeong:winter,36,18,18,0.72222222,0.11111111,0.00000000,0.02314815,0.00925926,controlled_generated_factor_effect_not_actual_region_effect
C3,feature_availability,complete,67,37,30,0.70270270,0.06666667,0.00000000,0.00362863,-0.03518519,controlled_generated_factor_effect_not_actual_region_effect
C3,feature_availability,load_phase_unavailable_no_imputation,47,22,25,0.68181818,0.16000000,0.02127660,-0.01725589,0.05814815,controlled_generated_factor_effect_not_actual_region_effect
C3,feature_availability,load_unavailable,66,32,34,0.71875000,0.11764706,0.01515152,0.01967593,0.01579521,controlled_generated_factor_effect_not_actual_region_effect
C3,feature_availability,load_unavailable_no_imputation,51,33,18,0.66666667,0.11111111,0.05882353,-0.03240741,0.00925926,controlled_generated_factor_effect_not_actual_region_effect
C3,feature_availability,load_weather_unavailable_no_imputation,46,17,29,0.64705882,0.06896552,0.04347826,-0.05201525,-0.03288633,controlled_generated_factor_effect_not_actual_region_effect
C3,feature_availability,phase_unavailable,72,36,36,0.69444444,0.08333333,0.01388889,-0.00462963,-0.01851852,controlled_generated_factor_effect_not_actual_region_effect
C3,feature_availability,weather_unavailable,83,39,44,0.74358974,0.11363636,0.00000000,0.04451567,0.01178451,controlled_generated_factor_effect_not_actual_region_effect
C3,scenario_type,allowed_partial_operation,36,0,36,,0.00000000,0.00000000,,-0.10185185,controlled_generated_factor_effect_not_actual_region_effect
C3,scenario_type,deep_day_full_activation,24,24,0,0.58333333,,0.00000000,-0.11574074,,controlled_generated_factor_effect_not_actual_region_effect
C3,scenario_type,deep_day_partial_activation,36,36,0,0.66666667,,0.00000000,-0.03240741,,controlled_generated_factor_effect_not_actual_region_effect
C3,scenario_type,feature_missing_normal,24,0,24,,0.00000000,0.00000000,,-0.10185185,controlled_generated_factor_effect_not_actual_region_effect
C3,scenario_type,high_cloud_or_rainfall_hard_negative,24,0,24,,0.91666667,0.04166667,,0.81481481,controlled_generated_factor_effect_not_actual_region_effect
C3,scenario_type,moderate_load_mismatch,24,24,0,0.50000000,,0.00000000,-0.19907407,,controlled_generated_factor_effect_not_actual_region_effect
C3,scenario_type,normal_full_operation,36,0,36,,0.00000000,0.00000000,,-0.10185185,controlled_generated_factor_effect_not_actual_region_effect
C3,scenario_type,partial_activation_long_persistence,24,24,0,0.79166667,,0.20833333,0.09259259,,controlled_generated_factor_effect_not_actual_region_effect
C3,scenario_type,phase_anomaly_moderate_activation,24,24,0,1.00000000,,0.00000000,0.30092593,,controlled_generated_factor_effect_not_actual_region_effect
C3,scenario_type,phase_selective_activation,24,24,0,0.50000000,,0.00000000,-0.19907407,,controlled_generated_factor_effect_not_actual_region_effect
C3,scenario_type,post_sunrise_persistent_activation,36,36,0,0.61111111,,0.05555556,-0.08796296,,controlled_generated_factor_effect_not_actual_region_effect
C3,scenario_type,short_transient_spike,36,0,36,,0.00000000,0.00000000,,-0.10185185,controlled_generated_factor_effect_not_actual_region_effect
C3,scenario_type,temporary_load_fluctuation,24,0,24,,0.00000000,0.00000000,,-0.10185185,controlled_generated_factor_effect_not_actual_region_effect
C3,scenario_type,twilight_boundary_operation,36,0,36,,0.00000000,0.00000000,,-0.10185185,controlled_generated_factor_effect_not_actual_region_effect
C3,scenario_type,weak_long_duration_activation,24,24,0,1.00000000,,0.00000000,0.30092593,,controlled_generated_factor_effect_not_actual_region_effect
C3,severity,moderate,71,71,0,1.00000000,,0.00000000,0.30092593,,controlled_generated_factor_effect_not_actual_region_effect
C3,severity,none,216,0,216,,0.10185185,0.00462963,,0.00000000,controlled_generated_factor_effect_not_actual_region_effect
C3,severity,strong,73,73,0,1.00000000,,0.00000000,0.30092593,,controlled_generated_factor_effect_not_actual_region_effect
C3,severity,weak,72,72,0,0.09722222,,0.09722222,-0.60185185,,controlled_generated_factor_effect_not_actual_region_effect
